archive,bucket,file,method_name,upload_status,row_count,time_column,numeric_count,dataset_id,version_id,profile_status,profile_count,recommend_status,recommend_count,transform_status,transformed_vars,analysis_recommend_status,analysis_sequence,analysis_status,artifact_count,caveat_count,assumption_count,artifact_types
mcs2024.zip,salient,trends/others/MCS2025_T5_Critical_Minerals_Salient.csv,structural_break,200,31,Year,7,6d696256-e7a8-4c50-a31b-06f76527a69e,8f294fd8-6aab-476f-9b91-c18cc2b65d77,200,7,200,7,200,5,200,"cross_correlation,decomposition,structural_break",200,10,17,14,"structural_break_plot,structural_break_result"
mcs2024.zip,trends_figures,trends/others/MCS2025_Fig12_Pch_Consump_2020_2024.csv,structural_break,200,75,,2,7770f241-19b5-44ee-aaff-9242b380d1ba,2f5b231e-1d3c-436f-80cf-45450c5b9d82,200,2,200,2,200,2,200,descriptive_summary,200,0,1,0,
mcs2024.zip,trends_figures,trends/others/MCS2025_Fig10_Price_Growth_Rates.csv,structural_break,200,40,,2,009add94-2c2a-4468-a1bc-3c4e3b77263b,913dda84-1fe2-4b54-b45c-2ad530d16140,200,2,200,2,200,2,200,descriptive_summary,200,0,1,0,
mcs2024.zip,trends_figures,trends/others/MCS2025_T4_Critical_Minerals_End_Use.csv,structural_break,200,50,,0,2b2c9509-a778-4e43-a242-084ba02b50c6,19e27969-6f56-4a25-b3ab-f1ccf22aa536,200,0,200,0,204,0,200,descriptive_summary,200,0,1,0,
mcs2024.zip,trends_figures,trends/others/MCS2025_T1_Mineral_Industry_Trends.csv,structural_break,200,5,Year,12,d095734e-5ee2-47a8-850b-1c0690c93ce8,b6516156-630c-4ae0-b8d4-6611d0f7acda,200,12,200,12,200,5,200,"cross_correlation,decomposition,structural_break",200,0,14,24,
mcs2024.zip,trends_figures,trends/others/MCS2025_Fig13_Scrap.csv,structural_break,200,15,,4,3785a580-231f-47c2-a5a5-16395725b05c,3b3ea7a4-4320-4083-b364-f498db6c4676,200,4,200,4,200,4,200,descriptive_summary,200,0,1,0,
mcs2024.zip,trends_figures,trends/others/MCS2025_Fig4_Value_by_Type.csv,structural_break,200,4,year,1,598927d0-9bae-4628-821b-2758e2ff23c0,35d24e04-55b7-4473-a1a8-a005dab946d6,200,1,200,1,200,1,200,"decomposition,structural_break",200,0,3,2,
mcs2024.zip,trends_figures,trends/others/MCS2025_Fig11_Pch_Consump_2023_2024.csv,structural_break,200,78,,2,d473718e-cc57-48d2-b517-93f70c42915d,282e8c1b-712c-4322-99c2-8d8122c0fa2d,200,2,200,2,200,2,200,descriptive_summary,200,0,1,0,
mcs2024.zip,trends_figures,trends/others/MCS2025_Fig2_Net_Import_Reliance.csv,structural_break,200,64,,2,9e68db37-7fd3-430a-94e9-4125cfe6947e,77ff3ba5-4913-4e85-be77-2bd4733e5c39,200,2,200,2,200,2,200,descriptive_summary,200,0,1,0,
mcs2024.zip,trends_figures,trends/others/MCS2025_T3_State_Value_Rank.csv,structural_break,200,51,Year,3,11c24de3-7677-4a9f-8cc8-bbabc9587e2f,a78a716c-d4d4-4985-94af-9155efd4cb2d,200,3,200,3,200,3,200,"cross_correlation,decomposition,structural_break",200,0,11,6,
mcs2024.zip,trends_figures,trends/others/MCS2025_Fig3_Major_Import_Sources.csv,structural_break,200,43,,1,194b7d07-eb7f-4ed0-a3b9-8e01f29cd89a,14098a93-529f-4aeb-9d7e-e25390041380,200,1,200,1,200,1,200,descriptive_summary,200,0,1,0,
mcs2024.zip,trends_figures,trends/others/MCS2025_Fig1_Minerals_in_Economy.csv,structural_break,200,14,Year,1,2b73f9fa-df65-49f3-b58e-4ebe263d261d,a270890c-b52c-4d11-96b6-fff33d9816be,200,1,200,1,200,1,200,"decomposition,structural_break",200,2,3,2,"structural_break_plot,structural_break_result"
mcs2024.zip,trends_figures,trends/others/MCS2025_T2_Mineral_Economic_Trends.csv,structural_break,200,5,Year,21,615c68f9-ece4-48e7-9d4b-452317e2cb71,82f4f830-28a8-405f-8282-aa6ad02914f5,200,21,200,21,200,5,200,"cross_correlation,decomposition,structural_break",200,0,23,42,
mcs2024.zip,trends_figures,trends/figures/MCS2024_Fig4_Value_by_Type.csv,structural_break,200,4,year,1,e887720a-47a8-4b21-b08d-94ab560add62,882ed13c-9919-46ec-9d30-5a59c6967477,200,1,200,1,200,1,200,"decomposition,structural_break",200,0,3,2,
mcs2024.zip,trends_figures,trends/figures/MCS2024_Fig3_Major_Import_Sources.csv,structural_break,200,43,,1,abb81439-d7df-441d-8877-ac5411c47bef,6cb17a3c-ead4-4d25-973b-5e4dfec39a13,200,1,200,1,200,1,200,descriptive_summary,200,0,1,0,
mcs2024.zip,trends_figures,trends/figures/MCS2024_Fig12_Pch_Consump_2019_2023.csv,structural_break,200,73,,2,5d083312-3bdd-4537-84a6-bd7463c1a3fc,4351c00e-662f-44ce-b801-375efcede608,200,2,200,2,200,2,200,descriptive_summary,200,0,1,0,
mcs2024.zip,trends_figures,trends/figures/MCS2024_Fig1_Minerals_in_Economy.csv,structural_break,200,14,Year,1,4c5cc6f2-bee2-4f70-b912-854acacc71a8,f3f2f368-33e9-45ee-bb17-237f913285a8,200,1,200,1,200,1,200,"decomposition,structural_break",200,2,3,2,"structural_break_plot,structural_break_result"
mcs2024.zip,trends_figures,trends/figures/MCS2024_Fig2_Net_Import_Reliance.csv,structural_break,200,63,,2,9b933262-284e-410b-8f04-2006b584833b,94567d37-1ca8-40b6-8d0c-0fd4449c71e6,200,2,200,2,200,2,200,descriptive_summary,200,0,1,0,
mcs2024.zip,trends_figures,trends/figures/MCS2024_Fig11_Pch_Consump_2022_2023.csv,structural_break,200,74,,2,dbe4e253-8215-4de1-92a4-78c4447e1b53,f8e0fc64-8da6-4b95-a826-30741c7fc447,200,2,200,2,200,2,200,descriptive_summary,200,0,1,0,
mcs2024.zip,trends_figures,trends/figures/MCS2024_Fig10_Price_Growth_Rates.csv,structural_break,200,40,,2,1085e62a-def1-4c89-88e8-9f770e6fb98a,98130f78-960f-4109-8c58-4f2cdd145e2b,200,2,200,2,200,2,200,descriptive_summary,200,0,1,0,
mcs2024.zip,trends_figures,trends/tables/MCS2024_T3_State_Value_Rank.csv,structural_break,200,50,Year,3,ee1e92db-0be9-4b5d-bba9-807576afbd4b,1a87b111-f47e-4fe9-b36e-f18eccb90d9e,200,3,200,3,200,3,200,"cross_correlation,decomposition,structural_break",200,0,11,6,
mcs2024.zip,salient,trends/tables/MCS2024_T5_Critical_Minerals_Salient.csv,structural_break,200,31,Year,7,23b9a5be-34de-42a8-b784-4c77b38c1476,5e1b5fe7-23c9-451a-8e55-cbfd158c34af,200,7,200,7,200,5,200,"cross_correlation,decomposition,structural_break",200,10,17,14,"structural_break_plot,structural_break_result"
mcs2024.zip,trends_figures,trends/tables/MCS2024_T4_Critical_Minerals_End_Use.csv,structural_break,200,50,,0,e6c3083c-4727-4bde-8120-9032d7e31729,a964c895-4e47-4b1f-afa9-00082bf4b858,200,0,200,0,204,0,200,descriptive_summary,200,0,1,0,
mcs2024.zip,trends_figures,trends/tables/MCS2024_T2_Mineral_Economic_Trends.csv,structural_break,200,5,Year,21,9fd66c96-fe9c-454e-917e-79c89830c507,85c28fec-0a04-436f-917e-dbdf5346c7fb,200,21,200,21,200,5,200,"cross_correlation,decomposition,structural_break",200,0,23,42,
mcs2024.zip,trends_figures,trends/tables/MCS2024_T1_Mineral_Industry_Trends.csv,structural_break,200,5,Year,12,7c9d2bc7-9575-463b-aa54-fe9cc8fee46b,8a719aac-8d0e-425a-825a-33e8c4b3df4b,200,12,200,12,200,5,200,"cross_correlation,decomposition,structural_break",200,0,14,24,
mcs2024.zip,salient,commodities/vanad/mcs2024-vanad_salient.csv,structural_break,200,5,Year,21,3ff7a298-2fee-4478-b03d-44e818206c85,10c8c71f-35dc-4e5b-994a-dec04dc5ef1b,200,21,200,21,200,5,200,"cross_correlation,decomposition,structural_break",200,0,23,42,
mcs2024.zip,world,commodities/vanad/mcs2024-vanad_world.csv,structural_break,200,7,,3,fd6c99d9-dcfa-4b74-80ed-b59cceb9d3d2,c543b8c0-8a00-4d86-91bf-f5b1deed62b9,200,3,200,3,200,3,200,descriptive_summary,200,0,1,0,
mcs2024.zip,salient,commodities/salt/mcs2024-salt_salient.csv,structural_break,200,5,Year,12,fbd6b4cb-dacf-4444-9719-c0d98a8f2b4c,ceed464d-db26-46de-98c8-aac2e814a9e3,200,12,200,12,200,5,200,"cross_correlation,decomposition,structural_break",200,0,14,24,
mcs2024.zip,world,commodities/salt/mcs2024-salt_world.csv,structural_break,200,25,,4,5137c973-fdc4-4da1-bfcd-42d8fea5703f,d74f4234-53f9-4fa7-856a-8cc00128cc00,200,2,200,2,200,2,200,descriptive_summary,200,0,1,0,
mcs2024.zip,world,commodities/gypsu/mcs2024-gypsu_world.csv,structural_break,200,22,,3,7a589708-781c-4afd-9c9e-5379d520d77c,c4f5478b-024d-4192-b09a-e72e9de2894c,200,3,200,3,200,3,200,descriptive_summary,200,0,1,0,
mcs2024.zip,salient,commodities/gypsu/mcs2024-gypsu_salient.csv,structural_break,200,22,,3,1b9f62c3-980a-4123-a0cb-f9e5d95ef65a,dd98c167-6fc9-42bc-8d5f-fcbe50f232c8,200,3,200,3,200,3,200,descriptive_summary,200,0,1,0,
mcs2024.zip,world,commodities/arsen/mcs2024-arsen_world.csv,structural_break,200,9,,4,2b1f0ed3-2aa5-4e69-b684-55f7f3fbf397,dfe54e0c-d557-43aa-b1dc-a25a9f01920e,200,2,200,2,200,2,200,descriptive_summary,200,0,1,0,
mcs2024.zip,salient,commodities/arsen/mcs2024-arsen_salient.csv,structural_break,200,5,Year,7,8d24b316-a738-4d8d-946d-b921df75177f,7a4e4e42-a6ae-41f7-b7b6-9fa177f1f12d,200,7,200,7,200,5,200,"cross_correlation,decomposition,structural_break",200,0,9,14,
mcs2024.zip,salient,commodities/graph/mcs2024-graph_salient.csv,structural_break,200,5,Year,8,2692c7c4-c52e-43fc-b255-dfba8acf4dbe,4018e581-52eb-47bb-9351-cc81e01ac3d9,200,8,200,8,200,5,200,"cross_correlation,decomposition,structural_break",200,0,10,16,
mcs2024.zip,world,commodities/graph/mcs2024-graph_world.csv,structural_break,200,20,,4,88a7c364-a59b-4cd1-939c-ac36abeec0ec,293c0d18-cf8a-4845-a0d9-2a587c89fd6f,200,3,200,3,200,3,200,descriptive_summary,200,0,1,0,
mcs2024.zip,world,commodities/potas/mcs2024-potas_world.csv,structural_break,200,14,,4,b866a38d-0b08-4fca-9d1b-954fa860fc76,2d49eabc-70e9-4af7-b090-5c0a1d42f058,200,4,200,4,200,4,200,descriptive_summary,200,0,1,0,
mcs2024.zip,salient,commodities/potas/mcs2024-potas_salient.csv,structural_break,200,5,Year,9,a43faf11-6b64-4868-aa8c-ce9d370ebd87,18a3f83b-7244-4c00-bb98-f108237182d9,200,9,200,9,200,5,200,"cross_correlation,decomposition,structural_break",200,0,11,18,
mcs2024.zip,salient,commodities/mgmet/mcs2024-mgmet_salient.csv,structural_break,200,5,Year,8,87f55fce-71d2-430a-b8ae-aad91a0b9f23,9fc85006-3c24-4abe-a236-258627b276fb,200,8,200,8,200,5,200,"cross_correlation,decomposition,structural_break",200,0,10,16,
mcs2024.zip,world,commodities/mgmet/mcs2024-mgmet_world.csv,structural_break,200,10,,4,813d8fd4-b69a-4009-8ae0-dae22099ce48,9e11ca53-630c-4c98-a12f-aa95fec1b71a,200,2,200,2,200,2,200,descriptive_summary,200,0,1,0,
mcs2024.zip,world,commodities/beryl/mcs2024-beryl_world.csv,structural_break,200,8,,4,077a9adc-b62c-4c62-93b2-94b5e630e61e,cc7f58a7-0379-4175-8723-74fafd37c29c,200,2,200,2,200,2,200,descriptive_summary,200,0,1,0,
mcs2024.zip,salient,commodities/beryl/mcs2024-beryl_salient.csv,structural_break,200,5,Year,9,084c313e-0a5c-4a23-8376-698be1bfbdce,44667e65-5e27-4248-a6a8-efd08fff3277,200,9,200,9,200,5,200,"cross_correlation,decomposition,structural_break",200,0,11,18,
mcs2024.zip,salient,commodities/zeoli/mcs2024-zeoli_salient.csv,structural_break,200,5,Year,6,e0130080-89ed-4e9a-92ad-cfb4d718e3c7,50ba6c2a-26bf-4f25-a05b-3ffaf893bbec,200,6,200,6,200,5,200,"cross_correlation,decomposition,structural_break",200,0,8,12,
mcs2024.zip,world,commodities/zeoli/mcs2024-zeoli_world.csv,structural_break,200,15,,5,ab684aaf-187f-45f5-8845-5dc7c8df37ed,923fb81d-0a9c-438d-a8da-e90ad881e4c1,200,3,200,3,200,3,200,descriptive_summary,200,0,1,0,
mcs2024.zip,salient,commodities/simet/mcs2024-simet_salient.csv,structural_break,200,5,Year,11,e46a7b30-4101-4e10-827e-00b24dad9d3d,11b27d23-0fbf-4d1f-9ad5-8ccd066e0ba3,200,11,200,11,200,5,200,"cross_correlation,decomposition,structural_break",200,0,13,22,
mcs2024.zip,world,commodities/simet/mcs2024-simet_world.csv,structural_break,200,38,,4,4670bd2d-0720-4286-9467-9be22a4b1dd8,ed63eed1-fe99-4231-9b1f-a70a84e30ef9,200,2,200,2,200,2,200,descriptive_summary,200,0,1,0,
mcs2024.zip,world,commodities/zirco/mcs2024-zirco_world.csv,structural_break,200,12,,3,325a486a-bff6-467f-b0e5-5075951fd41d,3f6a40c3-d87c-428b-b8e2-93c30db80d9e,200,3,200,3,200,3,200,descriptive_summary,200,0,1,0,
mcs2024.zip,salient,commodities/zirco/mcs2024-zirco_salient.csv,structural_break,200,5,Year,16,283afe7d-84ac-40b8-bf1e-7477e0a6b2cd,65460636-9363-495a-a6a0-73463337b632,200,15,200,15,200,5,200,"cross_correlation,decomposition,structural_break",200,0,18,32,
mcs2024.zip,salient,commodities/quartz/mcs2024-quartz_salient.csv,structural_break,200,5,Year,9,35932410-1cb8-42d5-9a71-14ac97c2c665,5181e8d4-f02d-43bd-b036-bb0723717458,200,5,200,5,200,5,200,"cross_correlation,decomposition,structural_break",200,0,11,18,
mcs2024.zip,world,commodities/stond/mcs2024-stond_world.csv,structural_break,200,3,,4,eb38ae59-9aec-4f02-a678-eb5a297ab854,6b1c8b7f-bb1e-49a8-8999-5e0237755b60,200,2,200,2,200,2,200,descriptive_summary,200,0,1,0,
mcs2024.zip,salient,commodities/stond/mcs2024-stond_salient.csv,structural_break,200,5,Year,14,44367ff2-96ac-47ab-b1f2-94e068061a13,3ad17e09-ccb4-4ec8-8470-2201136c5faa,200,14,200,14,200,5,200,"cross_correlation,decomposition,structural_break",200,0,16,28,
mcs2024.zip,salient,commodities/lead/mcs2024-lead_salient.csv,structural_break,200,5,Year,12,b32e284f-852c-488c-8867-5b306bb98a5e,56818540-dc42-4fea-900f-7cad1764cec3,200,12,200,12,200,5,200,"cross_correlation,decomposition,structural_break",200,0,14,24,
mcs2024.zip,world,commodities/lead/mcs2024-lead_world.csv,structural_break,200,14,,3,34d589ed-8175-4f0c-a8a5-d7adc9253735,b9dceba5-8c9a-4ac1-9be0-12caef7b0f8c,200,3,200,3,200,3,200,descriptive_summary,200,0,1,0,
mcs2024.zip,salient,commodities/fepig/mcs2024-fepig_salient.csv,structural_break,200,5,Year,7,9b927775-5f07-449e-9f8c-a9d19c8fd989,d9fd02de-aea9-4e84-a448-92e814097022,200,7,200,7,200,5,200,"cross_correlation,decomposition,structural_break",200,0,9,14,
mcs2024.zip,world,commodities/fepig/mcs2024-fepig_world.csv,structural_break,200,9,,6,4dc4abac-9fcb-40eb-83db-e49c2c3baf16,5691a828-96b1-4664-b1f5-265f482fc9a8,200,3,200,3,200,3,200,descriptive_summary,200,0,1,0,
mcs2024.zip,salient,commodities/mgcomp/mcs2024-mgcomp_salient.csv,structural_break,200,5,Year,7,91412055-d2b4-4127-9964-8627aedf0499,8ee5fb57-d98d-4446-a21b-61c1dd61b509,200,7,200,7,200,5,200,"cross_correlation,decomposition,structural_break",200,0,9,14,
mcs2024.zip,world,commodities/mgcomp/mcs2024-mgcomp_world.csv,structural_break,200,16,,3,c8e01d56-cfa8-49a9-b46d-0c42f3bf2524,b9ff1a5c-f43a-4ac0-b441-bf8eaf2824dd,200,3,200,3,200,3,200,descriptive_summary,200,0,1,0,
mcs2024.zip,world,commodities/coppe/mcs2024-coppe_world.csv,structural_break,200,36,,3,5013411d-da0c-4bfd-9012-7e2592a33a71,64163ff8-2825-42fa-af1b-9114560701db,200,3,200,3,200,3,200,descriptive_summary,200,0,1,0,
mcs2024.zip,salient,commodities/coppe/mcs2024-coppe_salient.csv,structural_break,200,5,Year,16,20c6dc2f-2104-4901-a90a-1e940138ca57,d2719386-a92c-4271-912a-60f9193aee40,200,16,200,16,200,5,200,"cross_correlation,decomposition,structural_break",200,0,18,32,
mcs2024.zip,world,commodities/pumic/mcs2024-pumic_world.csv,structural_break,200,16,,4,56d14eb0-269b-433f-939b-473d20b7978f,d95e1e7f-0b21-4d13-9b8f-66df0c482171,200,2,200,2,200,2,200,descriptive_summary,200,0,1,0,
mcs2024.zip,salient,commodities/pumic/mcs2024-pumic_salient.csv,structural_break,200,5,Year,7,48826688-b10f-4e68-8bed-edb917b20fbf,50acad6d-b137-4c68-993a-d79e81657e72,200,7,200,7,200,5,200,"cross_correlation,decomposition,structural_break",200,0,9,14,
mcs2024.zip,salient,commodities/sandc/mcs2024-sandc_salient.csv,structural_break,200,5,Year,7,af5b7068-c036-40fd-9ab6-632881e8df88,f0a4c329-9644-4dbc-8ee3-62e2b247b07b,200,7,200,7,200,5,200,"cross_correlation,decomposition,structural_break",200,0,9,14,
mcs2024.zip,salient,commodities/thori/mcs2024-thori_salient.csv,structural_break,200,5,Year,8,43c45cc5-2210-468b-a059-df0b270a35d9,7bbd4eb9-731c-4a52-a962-1e7e25f63c14,200,6,200,6,200,5,200,"cross_correlation,decomposition,structural_break",200,0,10,16,
mcs2024.zip,world,commodities/tin/mcs2024-tin_world.csv,structural_break,200,17,,3,bf1616aa-7594-488d-89f4-31e231e3ae8c,163ef463-e7ec-4c58-b974-c5a503fa5498,200,3,200,3,200,3,200,descriptive_summary,200,0,1,0,
mcs2024.zip,salient,commodities/tin/mcs2024-tin_salient.csv,structural_break,200,5,Year,14,f06f975e-7700-4a39-926a-916d95201c9c,1b7b2c97-d81d-4ab8-9754-5148f232364f,200,14,200,14,200,5,200,"cross_correlation,decomposition,structural_break",200,0,16,28,
mcs2024.zip,salient,commodities/tanta/mcs2024-tanta_salient.csv,structural_break,200,5,Year,7,99a4d4f2-e37d-4282-9251-5f1be7d8a3c3,2454510c-bef8-47bd-9c0c-ce4c0c8ab4e9,200,6,200,6,200,5,200,"cross_correlation,decomposition,structural_break",200,0,9,14,
mcs2024.zip,world,commodities/tanta/mcs2024-tanta_world.csv,structural_break,200,11,,3,d10a1460-7e0a-4b8f-90f4-405718491a89,1629baf7-1bc6-43b2-9e82-ce9e17196704,200,3,200,3,200,3,200,descriptive_summary,200,0,1,0,
mcs2024.zip,world,commodities/diamo/mcs2024-diamo_world.csv,structural_break,200,9,,4,e3d6a089-7dd5-4c0b-a9b9-8fb5e4ce85a6,9d99b46d-4a25-453c-981a-02f5108c1538,200,3,200,3,200,3,200,descriptive_summary,200,0,1,0,
mcs2024.zip,salient,commodities/diamo/mcs2024-diamo_salient.csv,structural_break,200,5,Year,13,3b388f4d-9db5-4a11-926f-3479e469e67f,30cb8fcb-bf0f-4850-9fa4-e5adaf3b6e3a,200,13,200,13,200,5,200,"cross_correlation,decomposition,structural_break",200,0,15,26,
mcs2024.zip,world,commodities/heliu/mcs2024-heliu_world.csv,structural_break,200,10,,3,8fbafa21-6d5c-4a6c-8995-58216e7166da,9d5c025d-1f01-4f78-bfaf-06185c4935fe,200,3,200,3,200,3,200,descriptive_summary,200,0,1,0,
mcs2024.zip,salient,commodities/heliu/mcs2024-heliu_salient.csv,structural_break,200,5,Year,6,19cf43e7-0cc5-423e-a70b-0dd8c3017a35,9e1d500f-ba85-4801-95c7-5d41e0a23ca9,200,6,200,6,200,5,200,"cross_correlation,decomposition,structural_break",200,0,8,12,
mcs2024.zip,salient,commodities/cobal/mcs2024-cobal_salient.csv,structural_break,200,14,,3,8efc2429-c7a2-44c0-8180-1c30691181bf,3ff914f0-ee73-4859-8eb7-b6f520617d0f,200,3,200,3,200,3,200,descriptive_summary,200,0,1,0,
mcs2024.zip,world,commodities/cobal/mcs2024-cobal_world.csv,structural_break,200,14,,3,675874c0-c759-4013-a6e3-f03856d03e8c,b6c8b174-48e4-401e-bfcb-319d4b09ede4,200,3,200,3,200,3,200,descriptive_summary,200,0,1,0,
mcs2024.zip,world,commodities/felds/mcs2024-felds_world.csv,structural_break,200,16,,4,35d44d63-20cd-4b3f-ab1a-2b22a520130f,63444c89-abd0-4225-93c2-0760876b506d,200,3,200,3,200,3,200,descriptive_summary,200,0,1,0,
mcs2024.zip,salient,commodities/felds/mcs2024-felds_salient.csv,structural_break,200,5,Year,11,9f713896-bb24-4f1a-9ff1-de3587aabb2a,d79f8758-e270-4ef8-acc6-7f64c83512c5,200,11,200,11,200,5,200,"cross_correlation,decomposition,structural_break",200,0,13,22,
mcs2024.zip,world,commodities/fluor/mcs2024-fluor_world.csv,structural_break,200,12,,4,a90f05cb-aa61-4761-b97c-5db0bc5add48,805b2e27-32a5-47df-a9f9-5ebc58bdb001,200,3,200,3,200,3,200,descriptive_summary,200,0,1,0,
mcs2024.zip,salient,commodities/fluor/mcs2024-fluor_salient.csv,structural_break,200,5,Year,14,5e9cbb30-3b82-46f7-befe-a2ced8ed70cf,20e5a5a0-7ebb-477a-91ea-d8ce6b6ab687,200,13,200,13,200,5,200,"cross_correlation,decomposition,structural_break",200,0,16,28,
mcs2024.zip,world,commodities/selen/mcs2024-selen_world.csv,structural_break,200,15,,3,e932b2b4-d66d-4135-bcf8-df48f0c335ce,b3c7b7d4-209b-4eef-9382-6119e8244e91,200,3,200,3,200,3,200,descriptive_summary,200,0,1,0,
mcs2024.zip,salient,commodities/selen/mcs2024-selen_salient.csv,structural_break,200,5,Year,6,d803e283-50bf-4698-8625-dfc5438ccfa5,11f0de7f-50e5-4595-b027-9a83ae28dae2,200,6,200,6,200,5,200,"cross_correlation,decomposition,structural_break",200,0,8,12,
mcs2024.zip,world,commodities/cemen/mcs2024-cemen_world.csv,structural_break,200,32,,5,70b31ed2-a6f3-4baa-b665-18d87f70cb47,1daefcfd-80d6-48d3-9597-c6749dea7ac9,200,2,200,2,200,2,200,descriptive_summary,200,0,1,0,
mcs2024.zip,salient,commodities/cemen/mcs2024-cemen_salient.csv,structural_break,200,5,Year,11,a2776e6a-526e-48b3-9642-4529fe6eb993,390c4a86-acba-4b11-a286-3496a84d9d3b,200,11,200,11,200,5,200,"cross_correlation,decomposition,structural_break",200,0,13,22,
mcs2024.zip,world,commodities/feste/mcs2024-feste_world.csv,structural_break,200,36,,5,4e360b7e-e56e-4e44-a004-ba8030c80a2c,a683a7fe-1c7b-4e91-b093-c0f5cc3d3b66,200,2,200,2,200,2,200,descriptive_summary,200,0,1,0,
mcs2024.zip,salient,commodities/feste/mcs2024-feste_salient.csv,structural_break,200,5,Year,18,62027fad-6c29-4464-8218-2cf321819502,9ade396d-5657-4100-9c5f-dd1304b694a1,200,18,200,18,200,5,200,"cross_correlation,decomposition,structural_break",200,0,20,36,
mcs2024.zip,salient,commodities/indiu/mcs2024-indiu_salient.csv,structural_break,200,5,Year,8,6fd07697-ba1f-4e5e-ac17-9e18177c019d,199a7b34-9624-4be0-a6e2-448865db051a,200,7,200,7,200,5,200,"cross_correlation,decomposition,structural_break",200,0,10,16,
mcs2024.zip,world,commodities/indiu/mcs2024-indiu_world.csv,structural_break,200,10,,5,8b77041a-d45c-46b4-a215-69ee7b9b3231,28f1fe40-9371-4384-b8b8-45e647905e2a,200,2,200,2,200,2,200,descriptive_summary,200,0,1,0,
mcs2024.zip,salient,commodities/galli/mcs2024-galli_salient.csv,structural_break,200,5,Year,9,1f6231b9-a639-4f64-8b40-f507663eccc1,893349ad-a985-4151-8fc5-01391d9d2db7,200,8,200,8,200,5,200,"cross_correlation,decomposition,structural_break",200,0,11,18,
mcs2024.zip,world,commodities/galli/mcs2024-galli_world.csv,structural_break,200,7,,3,6cc9da13-1bbc-40eb-8a26-0462e190a7d8,98d19341-0997-4753-9c27-cd6789f28ee0,200,3,200,3,200,3,200,descriptive_summary,200,0,1,0,
mcs2024.zip,world,commodities/rheni/mcs2024-rheni_world.csv,structural_break,200,10,,3,3d71de69-78c3-42c0-bf79-72e193f4dbcd,3a527e12-328e-455a-9fa2-b053acd7d91c,200,3,200,3,200,3,200,descriptive_summary,200,0,1,0,
mcs2024.zip,salient,commodities/rheni/mcs2024-rheni_salient.csv,structural_break,200,5,Year,8,829d286f-7c98-4130-adf2-717db2e9bbc5,543b394f-aa60-443a-8ef8-1fad871094dd,200,8,200,8,200,5,200,"cross_correlation,decomposition,structural_break",200,0,10,16,
mcs2024.zip,world,commodities/abras/mcs2024-abras_world.csv,structural_break,200,30,,2,8676bafa-845b-4867-bbee-d304eccf8a51,57c2c8a8-6e7e-4bda-923a-588596dadff3,200,2,200,2,200,2,200,descriptive_summary,200,0,1,0,
mcs2024.zip,salient,commodities/abras/mcs2024-abras_salient.csv,structural_break,200,5,Year,19,3e1f4baa-faa9-4fc2-94d2-9950a3530487,b31d0668-56af-4d45-b0da-6c754ae86a45,200,19,200,19,200,5,200,"cross_correlation,decomposition,structural_break",200,0,21,38,
mcs2024.zip,salient,commodities/antim/mcs2024-antim_salient.csv,structural_break,200,5,Year,14,cf72d981-30b3-434b-8513-38b7eca281b9,4ae2b645-9989-488b-a21b-5299b9904679,200,14,200,14,200,5,200,"cross_correlation,decomposition,structural_break",200,0,16,28,
mcs2024.zip,world,commodities/antim/mcs2024-antim_world.csv,structural_break,200,18,,3,2238a5cd-4e3a-4960-88e8-8cff7e2902cc,b1f3198f-e909-4804-ae30-c74e66b5feef,200,3,200,3,200,3,200,descriptive_summary,200,0,1,0,
mcs2024.zip,salient,commodities/alum/mcs2024-alum_salient.csv,structural_break,200,5,Year,14,6903fa63-3920-404b-bb11-753d1f95857c,8207f176-7ad3-47a8-bca3-4ce31e29cde0,200,14,200,14,200,5,200,"cross_correlation,decomposition,structural_break",200,0,16,28,
mcs2024.zip,world,commodities/alum/mcs2024-alum_world.csv,structural_break,200,14,,4,24c6cf23-e1ed-4e1f-abcb-f88dc1abe0e6,91bb7a52-aeea-457e-a73c-c4d0453c42cf,200,4,200,4,200,4,200,descriptive_summary,200,0,1,0,
mcs2024.zip,world,commodities/diato/mcs2024-diato_world.csv,structural_break,200,16,,4,6d7a4a04-29fb-4a56-a31e-41291e857f9a,76a42340-eb3e-4f7e-b21b-9155adff28ab,200,3,200,3,200,3,200,descriptive_summary,200,0,1,0,
mcs2024.zip,salient,commodities/diato/mcs2024-diato_salient.csv,structural_break,200,5,Year,6,09fb88b4-9a8e-41e5-9bf5-36dfd25e051a,a9ec9828-0f46-4dd3-96b1-0359a7a86f9c,200,6,200,6,200,5,200,"cross_correlation,decomposition,structural_break",200,0,8,12,
mcs2024.zip,salient,commodities/gemst/mcs2024-gemst_salient.csv,structural_break,200,5,Year,7,a352a25f-15fd-4f5b-a2cb-021907dc392c,4e06643c-fe24-4cf0-a035-521b8f4b01b9,200,7,200,7,200,5,200,"cross_correlation,decomposition,structural_break",200,0,9,14,
mcs2024.zip,world,commodities/gemst/mcs2024-gemst_world.csv,structural_break,200,16,,5,71993fe5-885c-4a91-b538-c645c82a2e2f,9cf4061a-65fd-4e5d-a163-cea175168176,200,2,200,2,200,2,200,descriptive_summary,200,0,1,0,
mcs2024.zip,salient,commodities/thall/mcs2024-thall_salient.csv,structural_break,200,5,Year,10,25f78bd7-0c26-478b-b763-d0d5b9a87f55,1d009c4e-efae-47d9-82f3-acdda7e69435,200,9,200,9,200,5,200,"cross_correlation,decomposition,structural_break",200,0,12,20,
mcs2024.zip,salient,commodities/cadmi/mcs2024-cadmi_salient.csv,structural_break,200,5,Year,12,d068a841-d3d7-4763-9ceb-714ede649dfb,02e00b30-3950-4d09-ba8a-96111e84a07d,200,12,200,12,200,5,200,"cross_correlation,decomposition,structural_break",200,0,14,24,
mcs2024.zip,world,commodities/cadmi/mcs2024-cadmi_world.csv,structural_break,200,17,,4,092122d2-d196-46ce-9faf-47ec43126528,b30e39f8-4f0d-4c4c-9c91-0918e444ad20,200,2,200,2,200,2,200,descriptive_summary,200,0,1,0,
mcs2024.zip,world,commodities/zinc/mcs2024-zinc_world.csv,structural_break,200,13,,3,4db2c5bf-6931-4a46-97eb-122365942042,b2cbe77e-19b5-4c50-846e-68153e6eb343,200,3,200,3,200,3,200,descriptive_summary,200,0,1,0,
mcs2024.zip,salient,commodities/zinc/mcs2024-zinc_salient.csv,structural_break,200,5,Year,14,a17c4e8d-f8cc-427e-8e1a-14befba93434,45e80e34-c03d-47d6-a860-d6e0d3f384e2,200,14,200,14,200,5,200,"cross_correlation,decomposition,structural_break",200,0,16,28,
mcs2024.zip,salient,commodities/fescr/mcs2024-fescr_salient.csv,structural_break,200,5,Year,9,3eb0b97b-5a65-4d0c-b6e3-0e826cb983f0,9ef914c8-0c38-4bf2-b848-78ae996683ee,200,9,200,9,200,5,200,"cross_correlation,decomposition,structural_break",200,0,11,18,
mcs2024.zip,world,commodities/boron/mcs2024-boron_world.csv,structural_break,200,10,,3,9125937f-a876-41aa-b8fc-917988fbd404,8ea00dd0-568d-4bf7-bbf7-3dbeef51a087,200,3,200,3,200,3,200,descriptive_summary,200,0,1,0,
mcs2024.zip,salient,commodities/boron/mcs2024-boron_salient.csv,structural_break,200,5,Year,8,694127ce-f696-48d2-a4d8-2d326140b9df,f5f44f9b-43d8-41a1-a357-3b603ba4b5cf,200,8,200,8,200,5,200,"cross_correlation,decomposition,structural_break",200,0,10,16,
mcs2024.zip,salient,commodities/chrom/mcs2024-chrom_salient.csv,structural_break,200,5,Year,12,1cbf7602-ac93-4e62-a5c8-cd0ba2829873,09c44e6c-dc23-443a-86c8-d9e92791fe93,200,12,200,12,200,5,200,"cross_correlation,decomposition,structural_break",200,0,14,24,
mcs2024.zip,world,commodities/chrom/mcs2024-chrom_world.csv,structural_break,200,8,,3,40ae2225-9c43-4a19-805d-1b4460fb0086,c97b2465-0ce9-467f-bf66-6e7456d6ec0b,200,3,200,3,200,3,200,descriptive_summary,200,0,1,0,
mcs2024.zip,salient,commodities/fesla/mcs2024-fesla_salient.csv,structural_break,200,5,Year,7,0809d322-82e7-4098-a48d-fa9ea22945c3,98224e4f-603c-4833-8a49-1bad743fdfb7,200,7,200,7,200,5,200,"cross_correlation,decomposition,structural_break",200,0,9,14,
mcs2024.zip,salient,commodities/stonec/mcs2024-stonec_salient.csv,structural_break,200,5,Year,7,cb263dc5-cecb-497b-a116-bdc88cddaa2e,e066f349-711c-4109-9145-3ec15857c154,200,7,200,7,200,5,200,"cross_correlation,decomposition,structural_break",200,0,9,14,
mcs2024.zip,world,commodities/mica/mcs2024-mica_world.csv,structural_break,200,22,,4,6f77246d-048f-4a53-ba42-c99e6db069c2,b72760ae-1153-4ed7-9598-c6f872b97531,200,3,200,3,200,3,200,descriptive_summary,200,0,1,0,
mcs2024.zip,salient,commodities/mica/mcs2024-mica_salient.csv,structural_break,200,5,Year,14,081f128b-5056-4a40-b4c6-590ce9c0d1ff,5ce02bf0-9b5b-446e-a371-7cdd09f8dfce,200,14,200,14,200,5,200,"cross_correlation,decomposition,structural_break",200,0,16,28,
mcs2024.zip,salient,commodities/timin/mcs2024-timin_salient.csv,structural_break,200,5,Year,10,a5add0f7-7487-4153-ac18-930eee468a16,821abab4-4dce-4e14-9d62-5d8a607279ee,200,10,200,10,200,5,200,"cross_correlation,decomposition,structural_break",200,0,12,20,
mcs2024.zip,world,commodities/timin/mcs2024-timin_world.csv,structural_break,200,29,,3,b0bfc219-4878-4039-b64b-1f6b50ffb7e7,16fb13e0-66a7-4524-ab44-71b94e34a98d,200,3,200,3,200,3,200,descriptive_summary,200,0,1,0,
mcs2024.zip,world,commodities/sandi/mcs2024-sandi_world.csv,structural_break,200,22,,3,9b8d295c-3dcd-40ec-a0a7-fd82ca08d381,eac63f4e-6bb7-4399-aacd-ee026de5c460,200,1,200,1,200,1,200,descriptive_summary,200,0,1,0,
mcs2024.zip,salient,commodities/sandi/mcs2024-sandi_salient.csv,structural_break,200,5,Year,6,e5a91174-ed4c-4892-bd8a-cc0bcdd28e1f,aa1753b0-8915-4a0b-819d-c3607d8b59b7,200,6,200,6,200,5,200,"cross_correlation,decomposition,structural_break",200,0,8,12,
mcs2024.zip,salient,commodities/mercu/mcs2024-mercu_salient.csv,structural_break,200,5,Year,6,0834c06b-1569-47c7-9252-fdbcc328cbcc,86a8d463-2797-4318-8256-1a6310a92e7d,200,3,200,3,200,3,200,"cross_correlation,decomposition,structural_break",200,0,8,12,
mcs2024.zip,world,commodities/mercu/mcs2024-mercu_world.csv,structural_break,200,8,,3,08cf0ed9-3cf0-4251-ab60-ceabc44b3ad5,44169268-429a-416d-9211-27a5634a4b69,200,2,200,2,200,2,200,descriptive_summary,200,0,1,0,
mcs2024.zip,salient,commodities/perli/mcs2024-perli_salient.csv,structural_break,200,5,Year,8,7fce8ad1-950d-4ccd-8b41-641548f0b991,e8b0e259-3e83-40db-a242-46b7ddb2525b,200,8,200,8,200,5,200,"cross_correlation,decomposition,structural_break",200,0,10,16,
mcs2024.zip,world,commodities/perli/mcs2024-perli_world.csv,structural_break,200,15,,4,cf0351bf-85d7-4a79-a7f9-4c193f0da74b,44eeda1e-2aa5-4767-8126-8919da490771,200,3,200,3,200,3,200,descriptive_summary,200,0,1,0,
mcs2024.zip,world,commodities/molyb/mcs2024-molyb_world.csv,structural_break,200,17,,3,b4d19e63-85e9-4705-b5f1-4c8ccf776282,7a45d817-e91f-459f-a891-b18aaadf994b,200,3,200,3,200,3,200,descriptive_summary,200,0,1,0,
mcs2024.zip,salient,commodities/molyb/mcs2024-molyb_salient.csv,structural_break,200,5,Year,8,4215860f-7dd1-471f-94a9-8ede61d53354,1664b4a2-bbc8-41c8-bedf-2434144eec2f,200,8,200,8,200,5,200,"cross_correlation,decomposition,structural_break",200,0,10,16,
mcs2024.zip,world,commodities/plati/mcs2024-plati_world.csv,structural_break,200,14,,4,01f31238-cc5c-4f93-9be3-6cc17d5695de,c6f082a3-c47a-4652-95f2-4d3c428ab045,200,3,200,3,200,3,200,descriptive_summary,200,0,1,0,
mcs2024.zip,salient,commodities/plati/mcs2024-plati_salient.csv,structural_break,200,5,Year,23,2d12b603-7991-45b9-bb05-c3263ff2aafd,c9dbfaba-c42a-424f-9e32-cee9f1317d32,200,23,200,23,200,5,200,"cross_correlation,decomposition,structural_break",200,0,25,46,
mcs2024.zip,world,commodities/garne/mcs2024-garne_world.csv,structural_break,200,8,,4,b9be0731-b012-4a66-b2ef-a2c7c02ba85c,fc1a4223-4240-4764-9065-ab6d0d7e56da,200,3,200,3,200,3,200,descriptive_summary,200,0,1,0,
mcs2024.zip,salient,commodities/garne/mcs2024-garne_salient.csv,structural_break,200,5,Year,8,8ce435e9-c89d-428e-9eac-5c1011c0ad19,e3fe3105-d17c-42a1-8dde-0b2f6f03bd5a,200,8,200,8,200,5,200,"cross_correlation,decomposition,structural_break",200,0,10,16,
mcs2024.zip,salient,commodities/feore/mcs2024-feore_salient.csv,structural_break,200,5,Year,10,f50dd9f3-531f-4196-97cf-0800cb590842,d80518f5-d2c9-414b-b78d-5fff8164a9f1,200,10,200,10,200,5,200,"cross_correlation,decomposition,structural_break",200,0,12,20,
mcs2024.zip,world,commodities/feore/mcs2024-feore_world.csv,structural_break,200,38,,4,feee553c-595c-4f5a-ac09-e9ae033d69b8,65d3a022-4ac0-423e-80bf-bdfc8e7ef9ca,200,3,200,3,200,3,200,descriptive_summary,200,0,1,0,
mcs2024.zip,salient,commodities/lithi/mcs2024-lithi_salient.csv,structural_break,200,5,Year,5,f9627d23-ebfd-4ab1-8701-1517864c5a3b,f712f42a-ba39-44a1-9315-67688776e1fc,200,5,200,5,200,5,200,"cross_correlation,decomposition,structural_break",200,0,7,10,
mcs2024.zip,world,commodities/lithi/mcs2024-lithi_world.csv,structural_break,200,11,,3,721550ba-f54a-48c2-bc2e-84495aca5208,c7b28d72-e040-448f-a199-3d253409fc89,200,3,200,3,200,3,200,descriptive_summary,200,0,1,0,
mcs2024.zip,salient,commodities/lime/mcs2024-lime_salient.csv,structural_break,200,5,Year,6,c387ebd4-9911-4a84-b5bb-a9c4e983c78d,417b5575-be4e-4c19-9cda-5017b6451ae9,200,6,200,6,200,5,200,"cross_correlation,decomposition,structural_break",200,0,8,12,
mcs2024.zip,world,commodities/lime/mcs2024-lime_world.csv,structural_break,200,26,,4,05893c5a-0cec-4d9d-ae52-7794208303a0,395569cb-ed00-4149-9f31-876240768cc0,200,2,200,2,200,2,200,descriptive_summary,200,0,1,0,
mcs2024.zip,world,commodities/bauxi/mcs2024-bauxi_world.csv,structural_break,200,44,,2,edd83a5e-ca2c-47af-a0c3-f1ce916b67e8,61733fc7-440e-44f6-a078-e4a368600605,200,2,200,2,200,2,200,descriptive_summary,200,0,1,0,
mcs2024.zip,salient,commodities/bauxi/mcs2024-bauxi_salient.csv,structural_break,200,5,Year,13,97f136d9-07eb-4664-97fb-217200d30069,ee916968-d2f2-418f-9179-53df2f556eac,200,13,200,13,200,5,200,"cross_correlation,decomposition,structural_break",200,0,15,26,
mcs2024.zip,world,commodities/sulfu/mcs2024-sulfu_world.csv,structural_break,200,21,,4,4eb0b5e2-6b1d-4c13-a55c-09a6497eaf5e,c2158e0c-8cb4-47df-a0a4-dc951161a51a,200,2,200,2,200,2,200,descriptive_summary,200,0,1,0,
mcs2024.zip,salient,commodities/sulfu/mcs2024-sulfu_salient.csv,structural_break,200,5,Year,13,41fdf561-f371-4b85-82a2-569156beb4f2,c97c6cec-0033-493f-9d5d-db34069ab63b,200,13,200,13,200,5,200,"cross_correlation,decomposition,structural_break",200,0,15,26,
mcs2024.zip,world,commodities/vermi/mcs2024-vermi_world.csv,structural_break,200,13,,4,c6f1ab99-f85d-4e94-8e08-c2bd395637dd,161f317e-57a4-4e2e-b78a-76cd0d00239c,200,4,200,4,200,4,200,descriptive_summary,200,0,1,0,
mcs2024.zip,salient,commodities/vermi/mcs2024-vermi_salient.csv,structural_break,200,5,Year,8,963894a4-f8b4-4218-9ed5-d3c006b19bef,74d4287c-3548-4052-8ca3-b3e8dc7c6935,200,7,200,7,200,5,200,"cross_correlation,decomposition,structural_break",200,0,10,16,
mcs2024.zip,salient,commodities/talc/mcs2024-talc_salient.csv,structural_break,200,5,Year,9,686b3896-1c60-4069-bb7c-41215f51ffd0,1e725f41-09ff-4963-ba66-4bc32ce5cfdf,200,9,200,9,200,5,200,"cross_correlation,decomposition,structural_break",200,0,11,18,
mcs2024.zip,world,commodities/talc/mcs2024-talc_world.csv,structural_break,200,16,,3,ccdaabc7-e24b-422d-9f83-951688670b77,be2d3b53-10c0-4a15-9a5e-3d05ce393cc5,200,3,200,3,200,3,200,descriptive_summary,200,0,1,0,
mcs2024.zip,world,commodities/tellu/mcs2024-tellu_world.csv,structural_break,200,11,,4,29d62c3c-3572-41cd-a6ca-19f161e858ef,82cb089c-8274-429f-a390-9bb9ecf7cbed,200,3,200,3,200,3,200,descriptive_summary,200,0,1,0,
mcs2024.zip,salient,commodities/tellu/mcs2024-tellu_salient.csv,structural_break,200,5,Year,5,4130cf25-92e0-4fcc-8dfe-bf30cc46a4d9,2a19162b-32df-4b85-a9a1-769a6b49f146,200,5,200,5,200,5,200,"cross_correlation,decomposition,structural_break",200,0,7,10,
mcs2024.zip,world,commodities/barit/mcs2024-barit_world.csv,structural_break,200,12,,5,7e850ff7-e841-46fa-837d-1bb877b507c4,d8005e43-2fd4-40a7-af38-3c06bf538a09,200,4,200,4,200,4,200,descriptive_summary,200,0,1,0,
mcs2024.zip,salient,commodities/barit/mcs2024-barit_salient.csv,structural_break,200,5,Year,7,2685811d-b7f8-45b2-bc9d-ebc65a3ebe54,333cb489-419d-4f47-a16d-7c8cb57a7004,200,7,200,7,200,5,200,"cross_correlation,decomposition,structural_break",200,0,9,14,
mcs2024.zip,salient,commodities/bismu/mcs2024-bismu_salient.csv,structural_break,200,5,Year,11,f68c63b9-a54e-495b-b4da-3d6fe3102db8,671246ad-05c2-4660-8de8-566e8f5a1ea2,200,11,200,11,200,5,200,"cross_correlation,decomposition,structural_break",200,0,13,22,
mcs2024.zip,world,commodities/bismu/mcs2024-bismu_world.csv,structural_break,200,9,,4,b75b6f70-129c-4260-8163-f0cc08278ce0,423ef518-9cb4-44ba-977d-cd8edf54de25,200,2,200,2,200,2,200,descriptive_summary,200,0,1,0,
mcs2024.zip,salient,commodities/gold/mcs2024-gold_salient.csv,structural_break,200,5,Year,9,1145ffe1-02bd-4080-b22c-7064e9b932f7,9edf750f-7342-4aeb-b7a3-83c135d741c6,200,9,200,9,200,5,200,"cross_correlation,decomposition,structural_break",200,0,11,18,
mcs2024.zip,world,commodities/gold/mcs2024-gold_world.csv,structural_break,200,18,,3,bb6de068-0faa-4daf-a823-a47dd8fa38c1,9a537b7d-c4c3-421d-adf0-1fd8d985b8c6,200,3,200,3,200,3,200,descriptive_summary,200,0,1,0,
mcs2024.zip,world,commodities/germa/mcs2024-germa_world.csv,structural_break,200,8,,2,f01d8682-cf8e-4d59-be14-1a78c41bf5c4,85fe39e4-f487-4a94-bfbb-f2db497812f1,200,0,200,0,204,0,200,descriptive_summary,200,0,1,0,
mcs2024.zip,salient,commodities/germa/mcs2024-germa_salient.csv,structural_break,200,5,Year,13,b4b44975-b68c-4539-93ae-6e89e73fd3e0,a6b3a0a6-3f7f-4155-8e6f-597dc48253b2,200,10,200,10,200,5,200,"cross_correlation,decomposition,structural_break",200,0,15,26,
mcs2024.zip,salient,commodities/nitro/mcs2024-nitro_salient.csv,structural_break,200,5,Year,8,eb3537f6-dcaa-47e7-810c-e1ac6eee60d4,edbdc0cf-cb1d-42fd-ab14-b66faee5c5f5,200,8,200,8,200,5,200,"cross_correlation,decomposition,structural_break",200,0,10,16,
mcs2024.zip,world,commodities/nitro/mcs2024-nitro_world.csv,structural_break,200,24,,5,c4379834-b882-47f5-bceb-f54b5da3c8ba,15c3fc1d-1262-4a64-a9b8-566009225ce5,200,2,200,2,200,2,200,descriptive_summary,200,0,1,0,
mcs2024.zip,salient,commodities/clays/mcs2024-clays_salient.csv,structural_break,200,5,Year,28,433c4452-673b-4d16-8e15-c6935fde8360,ebb0c9c8-ffb7-4748-9a01-d8e4c71f9bb5,200,28,200,28,200,5,200,"cross_correlation,decomposition,structural_break",200,0,30,56,
mcs2024.zip,world,commodities/clays/mcs2024-clays_world.csv,structural_break,200,37,,4,44f0b6c1-0a1b-41de-80e4-b773b9bf3eb9,b5dd3839-7116-44ca-83a0-a8c689c7f798,200,2,200,2,200,2,200,descriptive_summary,200,0,1,0,
mcs2024.zip,salient,commodities/scand/mcs2024-scand_salient.csv,structural_break,200,5,Year,10,2dfb7482-bfad-468f-aa16-7b2bea4b289b,34cb383f-eae3-4155-96f3-f0d837ef2f51,200,10,200,10,200,5,200,"cross_correlation,decomposition,structural_break",200,0,12,20,
mcs2024.zip,salient,commodities/peat/mcs2024-peat_salient.csv,structural_break,200,5,Year,9,34c4506a-368a-4ec2-b79c-8f6676071830,fe0a0be9-d34b-4398-b352-4536642ef4e2,200,9,200,9,200,5,200,"cross_correlation,decomposition,structural_break",200,0,11,18,
mcs2024.zip,world,commodities/peat/mcs2024-peat_world.csv,structural_break,200,14,,3,8666ce99-bf2b-43e0-857a-fa2d9ca116c6,5782a4de-0868-4a64-8bd3-541a90e0b2ce,200,3,200,3,200,3,200,descriptive_summary,200,0,1,0,
mcs2024.zip,world,commodities/nicke/mcs2024-nicke_world.csv,structural_break,200,11,,3,a7202a5e-63b5-436e-81f1-cc1b01b631ff,64b42917-02dc-4f87-a74c-38cbcb837507,200,3,200,3,200,3,200,descriptive_summary,200,0,1,0,
mcs2024.zip,salient,commodities/nicke/mcs2024-nicke_salient.csv,structural_break,200,5,Year,16,11511802-6e63-4ccd-a828-976c54963eb9,b14eac59-d3c0-4668-9310-153b7fe61873,200,16,200,16,200,5,200,"cross_correlation,decomposition,structural_break",200,0,18,32,
mcs2024.zip,world,commodities/kyani/mcs2024-kyani_world.csv,structural_break,200,7,,3,2c93f840-aa5f-4c16-ae5e-a097e4eb1274,75875357-c240-4c9b-b6de-71446f1e3d71,200,3,200,3,200,3,200,descriptive_summary,200,0,1,0,
mcs2024.zip,salient,commodities/kyani/mcs2024-kyani_salient.csv,structural_break,200,7,,3,67df7968-6789-48f5-94c6-27b8fdbda24b,7dd25ad7-dbf8-41b8-b193-8de2b330611d,200,3,200,3,200,3,200,descriptive_summary,200,0,1,0,
mcs2024.zip,salient,commodities/manga/mcs2024-manga_salient.csv,structural_break,200,5,Year,18,81744a64-85fe-4bc5-a01d-b885cbc74bc5,8bfc001f-7b61-40b0-9992-e3aa89db146c,200,18,200,18,200,5,200,"cross_correlation,decomposition,structural_break",200,0,20,36,
mcs2024.zip,world,commodities/manga/mcs2024-manga_world.csv,structural_break,200,18,,4,9c7d3859-fee4-4f0f-9c41-9b49b0c42094,287ad6ab-1278-40e7-b9fb-af1fe27961e4,200,3,200,3,200,3,200,descriptive_summary,200,0,1,0,
mcs2024.zip,salient,commodities/yttri/mcs2024-yttri_salient.csv,structural_break,200,5,Year,7,d49a1563-0a11-42f9-ab04-b4cfc18c7e0a,b97c9557-24a1-4a4e-a082-d12b303d1cd5,200,6,200,6,200,5,200,"cross_correlation,decomposition,structural_break",200,0,9,14,
mcs2024.zip,world,commodities/titan/mcs2024-titan_world.csv,structural_break,200,15,,4,2568f9c2-68ea-4ddc-beaa-5e5da10a5b95,75dc212b-3849-41c9-b430-0ec58be2f6d6,200,4,200,4,200,4,200,descriptive_summary,200,0,1,0,
mcs2024.zip,salient,commodities/titan/mcs2024-titan_salient.csv,structural_break,200,5,Year,11,54875aea-9262-4033-8a63-691f5f08ea4a,7f865c79-510e-4431-86f7-4ec573461447,200,11,200,11,200,5,200,"cross_correlation,decomposition,structural_break",200,0,13,22,
mcs2024.zip,salient,commodities/tungs/mcs2024-tungs_salient.csv,structural_break,200,5,Year,9,f50cbbb8-14e8-4351-8706-2fe26baf6e78,17cb876e-8979-43c9-9351-235a459c07df,200,9,200,9,200,5,200,"cross_correlation,decomposition,structural_break",200,0,11,18,
mcs2024.zip,world,commodities/tungs/mcs2024-tungs_world.csv,structural_break,200,13,,4,6176f828-917f-4f62-ac8c-e206daca500f,d7583f84-d1ce-475b-afb0-5981bdab1707,200,3,200,3,200,3,200,descriptive_summary,200,0,1,0,
mcs2024.zip,world,commodities/asbes/mcs2024-asbes_world.csv,structural_break,200,6,,3,8f62953e-913c-4189-a7b6-fe94115b5de9,2f201c6b-7e25-49fe-8545-481232ea1c10,200,3,200,3,200,3,200,descriptive_summary,200,0,1,0,
mcs2024.zip,salient,commodities/asbes/mcs2024-asbes_salient.csv,structural_break,200,5,Year,5,510c40f1-c411-42d6-893e-c44710649503,8eade001-0001-4f2b-829b-db4be62e029a,200,5,200,5,200,5,200,"cross_correlation,decomposition,structural_break",200,0,7,10,
mcs2024.zip,salient,commodities/iodin/mcs2024-iodin_salient.csv,structural_break,200,5,Year,6,92f73b76-c599-4ffd-b32b-37fa3cca9d55,efa9697a-4470-4cca-baeb-e3d2abce2fbb,200,6,200,6,200,5,200,"cross_correlation,decomposition,structural_break",200,0,8,12,
mcs2024.zip,world,commodities/iodin/mcs2024-iodin_world.csv,structural_break,200,9,,3,8336bebd-e149-487a-9adc-9e0b38d8d22f,4b5ca872-d3dd-45e1-bd05-178b5e30ea50,200,3,200,3,200,3,200,descriptive_summary,200,0,1,0,
mcs2024.zip,salient,commodities/unknown/mcs2023-feore_salient.csv,structural_break,200,5,Year,10,03d35741-07d6-416d-a8ee-745cd694fa6a,263fa13c-95cb-4e45-b39f-06cd05e36862,200,10,200,10,200,5,200,"cross_correlation,decomposition,structural_break",200,0,12,20,
mcs2024.zip,salient,commodities/unknown/MCS2025_T5_Critical_Minerals_Salient.csv,structural_break,200,31,Year,7,865705a9-0d5c-426f-91be-a11313de3727,4405b887-9937-4332-9ec6-80d3380f9d7c,200,7,200,7,200,5,200,"cross_correlation,decomposition,structural_break",200,10,17,14,"structural_break_plot,structural_break_result"
mcs2024.zip,trends_figures,commodities/unknown/MCS2025_Fig12_Pch_Consump_2020_2024.csv,structural_break,200,75,,2,32fa3fc9-182a-4552-b83b-3fe55e9b7a2c,e1945ee6-d706-41b0-9a0f-bde21ca91501,200,2,200,2,200,2,200,descriptive_summary,200,0,1,0,
mcs2024.zip,trends_figures,commodities/unknown/MCS2025_Fig10_Price_Growth_Rates.csv,structural_break,200,40,,2,8195b903-7c99-4926-9947-94a5b34b495d,78614791-83db-4389-ae1e-014740e66b99,200,2,200,2,200,2,200,descriptive_summary,200,0,1,0,
mcs2024.zip,salient,commodities/unknown/mcs2023-fescr_salient.csv,structural_break,200,5,Year,9,d9e158a3-97bd-4ac9-b0d7-1a621babc9ef,52a5fff0-f7dd-47ce-a807-a871241d6a12,200,9,200,9,200,5,200,"cross_correlation,decomposition,structural_break",200,0,11,18,
mcs2024.zip,salient,commodities/unknown/mcs2023-feste_salient.csv,structural_break,200,5,Year,18,3f0f1702-f423-4bc9-9fb2-7767431f12bb,60bcc262-4669-4e2b-bad3-222cb5cd9414,200,18,200,18,200,5,200,"cross_correlation,decomposition,structural_break",200,0,20,36,
mcs2024.zip,other,commodities/unknown/MCS2025_T4_Critical_Minerals_End_Use.csv,structural_break,200,50,,0,600c5ab8-7bcf-4a77-aa18-01f3c3d30a8b,e52cf58a-094d-471a-a580-733c85ee0fc9,200,0,200,0,204,0,200,descriptive_summary,200,0,1,0,
mcs2024.zip,trends_figures,commodities/unknown/MCS2025_T1_Mineral_Industry_Trends.csv,structural_break,200,5,Year,12,0920bf6f-e54f-4aa2-8047-62b9470f4ab6,714c5c52-6f3a-4521-89b9-c5b54c5dd81b,200,12,200,12,200,5,200,"cross_correlation,decomposition,structural_break",200,0,14,24,
mcs2024.zip,trends_figures,commodities/unknown/MCS2025_Fig13_Scrap.csv,structural_break,200,15,,4,dca043ec-eadf-4788-9470-058f06510b28,7b4abbb1-886f-4b45-b04b-54e57301a9dc,200,4,200,4,200,4,200,descriptive_summary,200,0,1,0,
mcs2024.zip,salient,commodities/unknown/mcs2023-fesla_salient.csv,structural_break,200,5,Year,6,dbc432e9-e92a-4d3e-a9de-70a3e0d56fae,e5819ef6-d4a4-4bfd-b90c-1c4e90d4fde5,200,6,200,6,200,5,200,"cross_correlation,decomposition,structural_break",200,0,8,12,
mcs2024.zip,trends_figures,commodities/unknown/MCS2025_Fig4_Value_by_Type.csv,structural_break,200,4,year,1,5ff112cf-33ed-45e5-83fa-cf7086be92eb,59ae5f64-f6d5-442f-b7ed-8c1219cc5481,200,1,200,1,200,1,200,"decomposition,structural_break",200,0,3,2,
mcs2024.zip,trends_figures,commodities/unknown/MCS2025_Fig11_Pch_Consump_2023_2024.csv,structural_break,200,78,,2,964016b1-4db6-4ed1-b88b-983cc4754d8d,557c8c4d-088f-4966-b1e0-c69063a4b8f4,200,2,200,2,200,2,200,descriptive_summary,200,0,1,0,
mcs2024.zip,trends_figures,commodities/unknown/MCS2025_Fig2_Net_Import_Reliance.csv,structural_break,200,64,,2,4ff5e582-a003-4a4c-96b8-d96c0903b59e,f7877818-7183-4892-933e-8d7fc4f095fc,200,2,200,2,200,2,200,descriptive_summary,200,0,1,0,
mcs2024.zip,other,commodities/unknown/MCS2025_T3_State_Value_Rank.csv,structural_break,200,51,Year,3,01fa9270-e989-4b1e-98cf-001675fcb53e,1818c4e5-abb0-4703-9a4a-6a69ec739fe3,200,3,200,3,200,3,200,"cross_correlation,decomposition,structural_break",200,0,11,6,
mcs2024.zip,trends_figures,commodities/unknown/MCS2025_Fig3_Major_Import_Sources.csv,structural_break,200,43,,1,d5f2e300-a1bf-450a-b964-cb9430f16482,75623722-4d28-4d52-be8b-819066b6afc8,200,1,200,1,200,1,200,descriptive_summary,200,0,1,0,
mcs2024.zip,trends_figures,commodities/unknown/MCS2025_Fig1_Minerals_in_Economy.csv,structural_break,200,14,Year,1,e18384ad-19d9-4d54-ad67-5626908c8d7e,4dae46c9-7185-496c-9f08-3cb3f8bef406,200,1,200,1,200,1,200,"decomposition,structural_break",200,2,3,2,"structural_break_plot,structural_break_result"
mcs2024.zip,world,commodities/unknown/mcs2023-feore_world.csv,structural_break,200,38,,4,ad352dd9-27ee-448d-ac93-e24467c1a55c,89e779d6-56c2-4d42-9753-fd6dc02a12d1,200,3,200,3,200,3,200,descriptive_summary,200,0,1,0,
mcs2024.zip,trends_figures,commodities/unknown/MCS2025_T2_Mineral_Economic_Trends.csv,structural_break,200,5,Year,21,db5774d8-12f8-48f2-a653-fe46df0cbbbe,5d79e583-049d-4001-9f79-38b7bd2589e0,200,21,200,21,200,5,200,"cross_correlation,decomposition,structural_break",200,0,23,42,
mcs2024.zip,world,commodities/unknown/mcs2023-feste_world.csv,structural_break,200,34,,3,bf4a4c33-90ba-41a5-acd5-0addb3908837,cd77f382-a886-403d-babf-2067df0b7a6b,200,2,200,2,200,2,200,descriptive_summary,200,0,1,0,
mcs2024.zip,salient,commodities/stron/mcs2024-stron_salient.csv,structural_break,200,5,Year,9,405aa560-6788-4bed-b6da-e48689973d88,aed5ba1d-c3e0-42ce-91ea-934806223e9e,200,9,200,9,200,5,200,"cross_correlation,decomposition,structural_break",200,0,11,18,
mcs2024.zip,world,commodities/stron/mcs2024-stron_world.csv,structural_break,200,7,,2,d81e2852-5837-4f5e-beaa-73918294abcc,f658d119-93af-40e6-9f6d-74d363f58c63,200,2,200,2,200,2,200,descriptive_summary,200,0,1,0,
mcs2024.zip,salient,commodities/bromi/mcs2024-bromi_salient.csv,structural_break,200,5,Year,4,0951db70-2535-46ef-bd97-ed5d0c7e6f77,cf1935f6-767d-4ca9-93a4-15147482f40f,200,4,200,4,200,4,200,"cross_correlation,decomposition,structural_break",200,0,6,8,
mcs2024.zip,world,commodities/bromi/mcs2024-bromi_world.csv,structural_break,200,9,,3,018c592f-f025-4db2-8696-71c7d946c420,e62becc6-2869-486f-80f5-b68fdfeafff9,200,3,200,3,200,3,200,descriptive_summary,200,0,1,0,
mcs2024.zip,salient,commodities/niobi/mcs2024-niobi_salient.csv,structural_break,200,5,Year,7,51319e8a-746c-4370-a945-dd7348234400,3166b6ab-8237-49c2-8e25-47daba8d227c,200,7,200,7,200,5,200,"cross_correlation,decomposition,structural_break",200,0,9,14,
mcs2024.zip,world,commodities/niobi/mcs2024-niobi_world.csv,structural_break,200,8,,5,9a4adebb-a88f-4d8c-94ba-65eff3604711,01d39c06-cdb1-48ce-a515-0f3383d831ba,200,4,200,4,200,4,200,descriptive_summary,200,0,1,0,
mcs2024.zip,salient,commodities/raree/mcs2024-raree_salient.csv,structural_break,200,5,Year,18,76add66b-9a28-450d-853d-94a8649cbef0,257efd86-4222-4c0a-8a01-4dbef8a9816b,200,18,200,18,200,5,200,"cross_correlation,decomposition,structural_break",200,0,20,36,
mcs2024.zip,world,commodities/raree/mcs2024-raree_world.csv,structural_break,200,16,,3,74ee26b5-6b2c-4e02-b9b5-e8869e47f2f0,f92b21ea-bd47-41fc-880a-2579c4e4f281,200,3,200,3,200,3,200,descriptive_summary,200,0,1,0,
mcs2024.zip,world,commodities/sodaa/mcs2024-sodaa_world.csv,structural_break,200,9,,3,993ba41b-9846-4611-9844-c0fe0122ab62,37cb134d-a78d-4dd0-bb9f-5587844c6c0f,200,3,200,3,200,3,200,descriptive_summary,200,0,1,0,
mcs2024.zip,salient,commodities/sodaa/mcs2024-sodaa_salient.csv,structural_break,200,5,Year,9,b7533273-6278-4d10-ba8f-abb3bc042539,f1beff2d-4c22-4342-9257-4f9fbe7eeaa8,200,9,200,9,200,5,200,"cross_correlation,decomposition,structural_break",200,0,11,18,
mcs2024.zip,salient,commodities/silve/mcs2024-silve_salient.csv,structural_break,200,5,Year,12,3def6506-3a5f-4e3d-9fdd-29c01513d3a8,688277bb-11e6-4bd8-8cad-d667c4003830,200,12,200,12,200,5,200,"cross_correlation,decomposition,structural_break",200,0,14,24,
mcs2024.zip,world,commodities/silve/mcs2024-silve_world.csv,structural_break,200,14,,4,20e9b3d3-e5ab-46e0-a2ce-c4efced6f2dc,746f199a-4185-4270-b6cb-22a492fdee02,200,3,200,3,200,3,200,descriptive_summary,200,0,1,0,
mcs2024.zip,world,commodities/phosp/mcs2024-phosp_world.csv,structural_break,200,26,,3,9564e076-681f-480b-aab9-46e4dd7d9124,0d302eb5-6c54-4b1d-aa62-1268b8fa2039,200,3,200,3,200,3,200,descriptive_summary,200,0,1,0,
mcs2024.zip,salient,commodities/phosp/mcs2024-phosp_salient.csv,structural_break,200,5,Year,8,a1187c6f-89b2-4f83-97fd-1c204f0c63f5,c6ff2f45-351c-43a0-8176-66598004eec3,200,8,200,8,200,5,200,"cross_correlation,decomposition,structural_break",200,0,10,16,
mcs2024.zip,world,commodities/wolla/mcs2024-wolla_world.csv,structural_break,200,7,,4,15cb48e4-6101-4f67-8172-b96b27a77f7c,5266abfe-e48f-4ffa-aa7f-353276af2062,200,2,200,2,200,2,200,descriptive_summary,200,0,1,0,
mcs2025.zip,salient,commodities/timin/mcs2025-timin_salient.csv,structural_break,200,5,Year,10,a564161f-1c91-4f8a-bf06-cb26ded6ed51,0b2bae28-83a8-4389-8f32-7251b5521bac,200,10,200,10,200,5,200,"cross_correlation,decomposition,structural_break",200,0,12,20,
mcs2025.zip,salient,commodities/sandc/mcs2025-sandc_salient.csv,structural_break,200,5,Year,7,b41be4ec-d99f-40c9-bce4-82d798c44a55,92d45ae0-0c6c-43b3-a974-dc632cfd57f6,200,7,200,7,200,5,200,"cross_correlation,decomposition,structural_break",200,0,9,14,
mcs2025.zip,salient,commodities/lead/mcs2025-lead_salient.csv,structural_break,200,5,Year,11,59652cd8-db31-4667-9ba3-b55eff0cbe0b,0fba3ec7-2e46-4bdf-bdc8-0b4daa7aed14,200,11,200,11,200,5,200,"cross_correlation,decomposition,structural_break",200,0,13,22,
mcs2025.zip,salient,commodities/stron/mcs2025-stron_salient.csv,structural_break,200,5,Year,9,cb32d200-f50a-45fa-8cb6-2b7d7583ec89,76fb46bf-2d06-455d-a50e-a1f4666e7f8c,200,9,200,9,200,5,200,"cross_correlation,decomposition,structural_break",200,0,11,18,
mcs2025.zip,salient,commodities/rareee/mcs2025-rareee_salient.csv,structural_break,200,5,Year,18,ca8851d3-3876-4526-889f-b75c4e8fafa1,886ac7b9-0ca4-4596-a39b-2898efd48daa,200,18,200,18,200,5,200,"cross_correlation,decomposition,structural_break",200,0,20,36,
mcs2025.zip,salient,commodities/cadmi/mcs2025-cadmi_salient.csv,structural_break,200,5,Year,12,8573d7ac-b64a-4207-a141-88b659419978,a1d6d355-3e4c-43cc-bf35-6f1e9ed2010d,200,12,200,12,200,5,200,"cross_correlation,decomposition,structural_break",200,0,14,24,
mcs2025.zip,salient,commodities/thori/mcs2025-thori_salient.csv,structural_break,200,5,Year,8,7c604f54-6647-4f44-9ac6-0caf23f1accc,538f2ea6-0574-4162-bcc0-2abb993c208c,200,6,200,6,200,5,200,"cross_correlation,decomposition,structural_break",200,0,10,16,
mcs2025.zip,salient,commodities/nitro/mcs2025-nitro_salient.csv,structural_break,200,5,Year,8,1e64237e-8797-4299-b465-c2c424d5a171,4100f3e3-5190-43a1-b218-99f9cf4bd6e8,200,8,200,8,200,5,200,"cross_correlation,decomposition,structural_break",200,0,10,16,
mcs2025.zip,salient,commodities/zeoli/mcs2025-zeoli_salient.csv,structural_break,200,5,Year,6,ba6320ac-cf87-4bb0-ae9e-df6ded780f6a,eedf9128-deb9-400f-a245-10aa7a4fbe26,200,6,200,6,200,5,200,"cross_correlation,decomposition,structural_break",200,0,8,12,
mcs2025.zip,salient,commodities/sodaa/mcs2025-sodaa_salient.csv,structural_break,200,5,Year,9,705b9842-598a-4061-8cfc-27389c401394,3fd38937-fa55-4ab5-9314-9ac186e5b6a9,200,9,200,9,200,5,200,"cross_correlation,decomposition,structural_break",200,0,11,18,
mcs2025.zip,salient,commodities/vanad/mcs2025-vanad_salient.csv,structural_break,200,5,Year,21,941da06f-e79b-4362-852c-7fc60985ba50,3f1b3ae1-c411-4f11-9fcf-44940b197651,200,21,200,21,200,5,200,"cross_correlation,decomposition,structural_break",200,0,23,42,
mcs2025.zip,salient,commodities/boron/mcs2025-boron_salient.csv,structural_break,200,5,Year,8,ceae7741-1fff-4774-a296-55edd2f19d33,0209a26b-ac42-4b24-b0cb-339beb97f499,200,8,200,8,200,5,200,"cross_correlation,decomposition,structural_break",200,0,10,16,
mcs2025.zip,salient,commodities/coppe/mcs2025-coppe_salient.csv,structural_break,200,5,Year,16,eadd79d8-ed6e-47fb-8011-a4ffddcc194a,0c0fc30c-0eea-4ce8-9e1c-b73465cefbdf,200,16,200,16,200,5,200,"cross_correlation,decomposition,structural_break",200,0,18,32,
mcs2025.zip,salient,commodities/silve/mcs2025-silve_salient.csv,structural_break,200,5,Year,12,4e1b9fed-09b7-4ad4-87a7-a079ac84081a,ff17e23c-a966-40d1-8c6e-ee08f222ef9b,200,12,200,12,200,5,200,"cross_correlation,decomposition,structural_break",200,0,14,24,
mcs2025.zip,salient,commodities/diato/mcs2025-diato_salient.csv,structural_break,200,5,Year,6,ea9da651-8a29-4b21-bc87-3cfe998667d5,906d85d2-ae3e-4e38-a3f9-52b3c255592c,200,6,200,6,200,5,200,"cross_correlation,decomposition,structural_break",200,0,8,12,
mcs2025.zip,salient,commodities/graph/mcs2025-graph_salient.csv,structural_break,200,5,Year,8,331bb22d-524f-451d-9773-4b370201c6b1,293edc9a-35df-422b-bc45-eed3be1bf78e,200,8,200,8,200,5,200,"cross_correlation,decomposition,structural_break",200,0,10,16,
mcs2025.zip,salient,commodities/niobi/mcs2025-niobi_salient.csv,structural_break,200,5,Year,7,5d379b30-9fd4-4fc2-93cb-37ec276566fd,00b10b6b-35a9-48a0-8fb3-f3fe4a349c82,200,7,200,7,200,5,200,"cross_correlation,decomposition,structural_break",200,0,9,14,
mcs2025.zip,salient,commodities/pumic/mcs2025-pumic_salient.csv,structural_break,200,5,Year,7,b693d0af-9047-41ee-b1fb-1616317de014,19ad7a17-9f52-4e1e-87e7-6c7402fa4af7,200,7,200,7,200,5,200,"cross_correlation,decomposition,structural_break",200,0,9,14,
mcs2025.zip,salient,commodities/simet/mcs2025-simet_salient.csv,structural_break,200,5,Year,11,5657a511-07d7-408a-b874-1be5de4daf23,b4c9776e-290b-4a2c-b230-2fe992c39c13,200,11,200,11,200,5,200,"cross_correlation,decomposition,structural_break",200,0,13,22,
mcs2025.zip,salient,commodities/arsen/mcs2025-arsen_salient.csv,structural_break,200,5,Year,7,7e82c945-01b8-48c3-9127-1fd6891c7c03,3e280eae-8c3d-4983-86ad-d29735063e10,200,7,200,7,200,5,200,"cross_correlation,decomposition,structural_break",200,0,9,14,
mcs2025.zip,salient,commodities/nicke/mcs2025-nicke_salient.csv,structural_break,200,5,Year,17,bc8cff58-c6c0-4191-8489-7385a1866ea0,6d51447a-ed12-4b63-accd-dcd984143909,200,17,200,17,200,5,200,"cross_correlation,decomposition,structural_break",200,0,19,34,
mcs2025.zip,salient,commodities/chrom/mcs2025-chrom_salient.csv,structural_break,200,5,Year,12,74f40957-193e-4303-a0cd-29089033dc57,fd88f120-4170-4db0-8929-42be37794ffb,200,12,200,12,200,5,200,"cross_correlation,decomposition,structural_break",200,0,14,24,
mcs2025.zip,salient,commodities/bauxi/mcs2025-bauxi_salient.csv,structural_break,200,6,Year,13,ca2a1df1-9cd0-429d-a32d-ac4f0cb46640,0287985f-7b57-427d-9bf6-2a35bd005c7a,200,13,200,13,200,5,200,"cross_correlation,decomposition,structural_break",200,0,15,26,
mcs2025.zip,salient,commodities/mercu/mcs2025-mercu_salient.csv,structural_break,200,5,Year,6,7d5c7af6-0b04-415f-b9b6-a3e711ce8fdd,d6468ffa-64cc-4af8-b5df-666dbf80cc68,200,5,200,5,200,5,200,"cross_correlation,decomposition,structural_break",200,0,8,12,
mcs2025.zip,salient,commodities/barit/mcs2025-barit_salient.csv,structural_break,200,5,Year,7,4adf53f2-217c-4aa0-b2dd-cfa9d06f1fef,76637399-5fd8-42f0-aa68-fccc9811e4ad,200,7,200,7,200,5,200,"cross_correlation,decomposition,structural_break",200,0,9,14,
mcs2025.zip,salient,commodities/sulfu/mcs2025-sulfu_salient.csv,structural_break,200,5,Year,13,fd7e5120-512a-4f58-92ce-bcd30d3b498f,167d781f-7877-40a9-b900-f1151ea90bfc,200,13,200,13,200,5,200,"cross_correlation,decomposition,structural_break",200,0,15,26,
mcs2025.zip,salient,commodities/thall/mcs2025-thall_salient.csv,structural_break,200,5,Year,10,84b055f0-52d0-4581-98f6-aebb2f85ec2f,533daede-c491-489b-afb7-83b1e7e8df48,200,9,200,9,200,5,200,"cross_correlation,decomposition,structural_break",200,0,12,20,
mcs2025.zip,salient,commodities/felds/mcs2025-felds_salient.csv,structural_break,200,5,Year,12,138eb450-5238-4b68-9518-e5db006305e8,9dbbae58-8c8c-4f4f-944f-703e14feb17c,200,12,200,12,200,5,200,"cross_correlation,decomposition,structural_break",200,0,14,24,
mcs2025.zip,salient,commodities/galli/mcs2025-galli_salient.csv,structural_break,200,5,Year,9,15680a4d-fa6a-4817-a95a-0f2f4cdfabbd,48e4f7a8-f12e-400a-b849-975501112b17,200,8,200,8,200,5,200,"cross_correlation,decomposition,structural_break",200,0,11,18,
mcs2025.zip,salient,commodities/gemst/mcs2025-gemst_salient.csv,structural_break,200,5,Year,7,a9b1d466-340a-45f7-b2fe-dd758d16e07a,87657900-41b9-420d-8d42-774801dc73da,200,7,200,7,200,5,200,"cross_correlation,decomposition,structural_break",200,0,9,14,
mcs2025.zip,salient,commodities/quart/mcs2025-quart_salient.csv,structural_break,200,5,Year,9,bcfe8608-a51e-4322-9bc7-a9f70740d839,aea7071f-8cc3-4953-b3d1-c01f2f222737,200,5,200,5,200,5,200,"cross_correlation,decomposition,structural_break",200,0,11,18,
mcs2025.zip,salient,commodities/rheni/mcs2025-rheni_salient.csv,structural_break,200,5,Year,8,dcaa2ef5-e89c-455b-aef9-e8173958d67f,0418af43-0a58-4d94-98ec-753db4b3157a,200,8,200,8,200,5,200,"cross_correlation,decomposition,structural_break",200,0,10,16,
mcs2025.zip,salient,commodities/zirco/mcs2025-zirco_salient.csv,structural_break,200,5,Year,18,ccb0ca69-a581-4420-bca4-c15992bcacdb,b0980bdb-2b9a-4581-923a-d91520e76bfd,200,17,200,17,200,5,200,"cross_correlation,decomposition,structural_break",200,0,20,36,
mcs2025.zip,salient,commodities/feore/mcs2025-feore_salient.csv,structural_break,200,5,Year,9,5cea3616-d218-4ea9-bb0d-95dd1d9c85dd,0fc07bd9-be1f-4786-ac04-b7bf0764cfaa,200,9,200,9,200,5,200,"cross_correlation,decomposition,structural_break",200,0,11,18,
mcs2025.zip,salient,commodities/garne/mcs2025-garne_salient.csv,structural_break,200,5,Year,8,4d0bf2f5-94f9-4f5f-96e8-78b65787fc32,7ee93ef1-7b18-4ce5-98a4-30e18d587b79,200,8,200,8,200,5,200,"cross_correlation,decomposition,structural_break",200,0,10,16,
mcs2025.zip,salient,commodities/potas/mcs2025-potas_salient.csv,structural_break,200,5,Year,9,29a1b203-c3ac-41c8-bf49-43fc62697861,625f1f84-4a9d-46f9-97ac-ace39bc49f6a,200,9,200,9,200,5,200,"cross_correlation,decomposition,structural_break",200,0,11,18,
mcs2025.zip,salient,commodities/scand/mcs2025-scand_salient.csv,structural_break,200,5,Year,10,ffe1ad8c-f637-4484-b7e2-dd204b7ecc48,bbce071b-e6dd-4c9c-bb8f-80c8cd38952c,200,10,200,10,200,5,200,"cross_correlation,decomposition,structural_break",200,0,12,20,
mcs2025.zip,salient,commodities/titan/mcs2025-titan_salient.csv,structural_break,200,5,Year,12,49f31048-68a3-40c2-aa05-54e65659422d,0580ef1c-c1da-480d-abb4-c012441d7473,200,12,200,12,200,5,200,"cross_correlation,decomposition,structural_break",200,0,14,24,
mcs2025.zip,salient,commodities/cobal/mcs2025-cobal_salient.csv,structural_break,200,5,Year,11,96dca4e0-33a7-4d6f-8b52-5458ac1d279f,c11965ef-1044-40b1-8525-94022c79f640,200,11,200,11,200,5,200,"cross_correlation,decomposition,structural_break",200,0,13,22,
mcs2025.zip,salient,commodities/heliu/mcs2025-heliu_salient.csv,structural_break,200,5,Year,6,0a1e5f18-dbf4-4a3c-9628-132b262d2e2b,8775bc75-7164-4834-ab31-f987665f0f26,200,6,200,6,200,5,200,"cross_correlation,decomposition,structural_break",200,0,8,12,
mcs2025.zip,salient,commodities/fesla/mcs2025-fesla_salient.csv,structural_break,200,5,Year,6,94d45e33-6a76-448c-83d6-f5444453d927,062fdc00-1909-4a3d-9de4-3103c341aa1c,200,6,200,6,200,5,200,"cross_correlation,decomposition,structural_break",200,0,8,12,
mcs2025.zip,salient,commodities/tanta/mcs2025-tanta_salient.csv,structural_break,200,5,Year,7,1f555556-ab22-432e-86af-4e8df52f69e6,0f1e6374-4d45-4325-be98-42fbe2a3e556,200,6,200,6,200,5,200,"cross_correlation,decomposition,structural_break",200,0,9,14,
mcs2025.zip,salient,commodities/cemen/mcs2025-cemen_salient.csv,structural_break,200,5,Year,11,8def8604-90e7-47b5-8903-1abd94e1a534,b3d4a917-d5ad-4878-ad6c-5efa8cd83db5,200,11,200,11,200,5,200,"cross_correlation,decomposition,structural_break",200,0,13,22,
mcs2025.zip,salient,commodities/zinc/mcs2025-zinc_salient.csv,structural_break,200,5,Year,14,94265d91-5265-4fc2-8fae-cdf747c1b52e,1a081a9f-969f-4c1b-ab3a-50558571da24,200,14,200,14,200,5,200,"cross_correlation,decomposition,structural_break",200,0,16,28,
mcs2025.zip,salient,commodities/lime/mcs2025-lime_salient.csv,structural_break,200,5,Year,6,85710495-31ef-4f2a-be0c-ad6d911c3aa4,74076243-a56c-4127-a3ea-a4059a25afe5,200,6,200,6,200,5,200,"cross_correlation,decomposition,structural_break",200,0,8,12,
mcs2025.zip,salient,commodities/indiu/mcs2025-indiu_salient.csv,structural_break,200,5,Year,8,4fefd0d0-2cec-4238-be1c-946168065cad,c743eeee-f6e6-4a05-9af9-2a7a4a8a02d0,200,7,200,7,200,5,200,"cross_correlation,decomposition,structural_break",200,0,10,16,
mcs2025.zip,salient,commodities/tungs/mcs2025-tungs_salient.csv,structural_break,200,5,Year,9,4639cc16-e285-4e00-a93a-140fe8dd19ea,c0634332-7549-4485-a8bb-1dbe39e34344,200,9,200,9,200,5,200,"cross_correlation,decomposition,structural_break",200,0,11,18,
mcs2025.zip,salient,commodities/alumi/mcs2025-alumi_salient.csv,structural_break,200,5,Year,14,857d55e4-0719-4e4f-9198-a195a2f88336,1b6da349-c6ac-4e97-b154-6224f6299581,200,14,200,14,200,5,200,"cross_correlation,decomposition,structural_break",200,0,16,28,
mcs2025.zip,salient,commodities/peat/mcs2025-peat_salient.csv,structural_break,200,5,Year,9,85b1ef07-72be-4d0e-ba7f-12ce15f55c60,71eff93d-0e1b-41bb-a1e4-9cd84ddc7a09,200,9,200,9,200,5,200,"cross_correlation,decomposition,structural_break",200,0,11,18,
mcs2025.zip,salient,commodities/selen/mcs2025-selen_salient.csv,structural_break,200,5,Year,6,9a7c6ff4-fa66-4319-bbdd-fe1797c725c3,61809118-4e15-4f50-8a8c-a7e37b13edf4,200,6,200,6,200,5,200,"cross_correlation,decomposition,structural_break",200,0,8,12,
mcs2025.zip,salient,commodities/plati/mcs2025-plati_salient.csv,structural_break,200,5,Year,24,9fa08c25-02fa-4bbf-9c26-8018e84e3b47,ed4724cb-bf4e-4d07-96ab-f6e060178d41,200,24,200,24,200,5,200,"cross_correlation,decomposition,structural_break",200,0,26,48,
mcs2025.zip,salient,commodities/bismu/mcs2025-bismu_salient.csv,structural_break,200,5,Year,11,2d3cf863-795a-42b9-b5a4-1028f1c12343,46cbf1b4-3ca8-48b2-b6b8-d7e37fc71e98,200,11,200,11,200,5,200,"cross_correlation,decomposition,structural_break",200,0,13,22,
mcs2025.zip,salient,commodities/beryl/mcs2025-beryl_salient.csv,structural_break,200,5,Year,8,a416b7bd-6991-4d6c-a9d4-dc9ea3b69f23,b7d99e5d-4b33-4146-ae59-a007810857cb,200,8,200,8,200,5,200,"cross_correlation,decomposition,structural_break",200,0,10,16,
mcs2025.zip,salient,commodities/germa/mcs2025-germa_salient.csv,structural_break,200,5,Year,13,03dbdc9e-3756-4ce4-aee5-9fe3ce74367b,65ad0ce8-4188-4784-928e-f9b599390c1a,200,10,200,10,200,5,200,"cross_correlation,decomposition,structural_break",200,0,15,26,
mcs2025.zip,salient,commodities/tellu/mcs2025-tellu_salient.csv,structural_break,200,5,Year,5,7c60e499-39d0-46da-a131-d4c5314b18da,f9bea5e3-94bf-43da-9a6d-5dcf0db72370,200,5,200,5,200,5,200,"cross_correlation,decomposition,structural_break",200,0,7,10,
mcs2025.zip,salient,commodities/iodin/mcs2025-iodin_salient.csv,structural_break,200,5,Year,6,a3f24dfc-f6cc-4f8a-99fb-52091f5fc449,562d8ecc-897e-4e72-bcac-953f55badf58,200,6,200,6,200,5,200,"cross_correlation,decomposition,structural_break",200,0,8,12,
mcs2025.zip,salient,commodities/mgmet/mcs2025-mgmet_salient.csv,structural_break,200,5,Year,8,7f68bb81-b65e-4fbb-b6c2-1c20cf998a15,d4dd827e-8997-4efe-99fa-8aa34d526da9,200,8,200,8,200,5,200,"cross_correlation,decomposition,structural_break",200,0,10,16,
mcs2025.zip,salient,commodities/asbes/mcs2025-asbes_salient.csv,structural_break,200,5,Year,5,f1021b43-d457-43be-8785-4386e3e0d25b,a4a6cebd-eb77-4b46-8e20-e92df7acebea,200,5,200,5,200,5,200,"cross_correlation,decomposition,structural_break",200,0,7,10,
mcs2025.zip,salient,commodities/mica/mcs2025-mica_salient.csv,structural_break,200,5,Year,14,d89989d5-fe07-4cee-8a37-8266b47bd19c,9074a8b9-ab00-4cc4-af1e-17be131c2aff,200,14,200,14,200,5,200,"cross_correlation,decomposition,structural_break",200,0,16,28,
mcs2025.zip,salient,commodities/feste/mcs2025-feste_salient.csv,structural_break,200,5,Year,18,d35a4e8e-9b09-400e-b0d2-6841cb259a54,94379c9a-3029-4ff7-88ae-050fa71aa198,200,18,200,18,200,5,200,"cross_correlation,decomposition,structural_break",200,0,20,36,
mcs2025.zip,salient,commodities/stond/mcs2025-stond_salient.csv,structural_break,200,5,Year,14,c7a3dd05-3e9c-4baa-a549-b7635d0a13e3,ff1efd55-3ec2-4405-b753-f265ae5ffbe5,200,14,200,14,200,5,200,"cross_correlation,decomposition,structural_break",200,0,16,28,
mcs2025.zip,salient,commodities/sandi/mcs2025-sandi_salient.csv,structural_break,200,5,Year,6,c7b372b8-7088-4f3a-8196-b3e9eeefbc85,6da14b09-d024-48e9-8b84-3d128c563a68,200,6,200,6,200,5,200,"cross_correlation,decomposition,structural_break",200,0,8,12,
mcs2025.zip,salient,commodities/antim/mcs2025-antim_salient.csv,structural_break,200,5,Year,15,58a4a089-61ea-4fa4-8890-d24ccf95db81,f111b963-0631-4c35-b1d3-468b88e38d2d,200,15,200,15,200,5,200,"cross_correlation,decomposition,structural_break",200,0,17,30,
mcs2025.zip,salient,commodities/bromi/mcs2025-bromi_salient.csv,structural_break,200,5,Year,4,e230e5ff-c96f-4d19-8a79-693125333de8,810dc0a5-a584-4cf5-a396-212d7de7c38f,200,4,200,4,200,4,200,"cross_correlation,decomposition,structural_break",200,0,6,8,
mcs2025.zip,salient,commodities/clays/mcs2025-clays_salient.csv,structural_break,200,5,Year,28,2b255120-171b-4dba-ab92-d131ce59f2ed,721173d8-8586-4747-bbdd-fbbd292dd36d,200,28,200,28,200,5,200,"cross_correlation,decomposition,structural_break",200,0,30,56,
mcs2025.zip,salient,commodities/fluor/mcs2025-fluor_salient.csv,structural_break,200,5,Year,14,83c909d5-c461-4550-bb81-0ee305ac5826,cc872e37-e8ac-4766-be6e-cf3c5ab068d6,200,13,200,13,200,5,200,"cross_correlation,decomposition,structural_break",200,0,16,28,
mcs2025.zip,salient,commodities/yttri/mcs2025-yttri_salient.csv,structural_break,200,5,Year,7,8a83878f-1b91-4559-80f6-4504769d20a6,607dba0d-a784-4c1e-8535-e8becf9ed6d0,200,6,200,6,200,5,200,"cross_correlation,decomposition,structural_break",200,0,9,14,
mcs2025.zip,salient,commodities/lithium/mcs2025-lithium_salient.csv,structural_break,200,5,Year,5,d2f98b8c-df2d-4762-a0c7-d7d0c0ec21f4,76acfb2c-5f5c-4064-9858-ee345722df8d,200,5,200,5,200,5,200,"cross_correlation,decomposition,structural_break",200,0,7,10,
mcs2025.zip,salient,commodities/fescr/mcs2025-fescr_salient.csv,structural_break,200,5,Year,9,61480b2a-58f8-41e9-be91-7b5b84db4dd7,b2f2ac38-e0af-42b5-bac0-c7dac70500d6,200,9,200,9,200,5,200,"cross_correlation,decomposition,structural_break",200,0,11,18,
mcs2025.zip,salient,commodities/molyb/mcs2025-molyb_salient.csv,structural_break,200,5,Year,9,a335a93e-5bdc-4599-911a-9c484a17849e,aa6294ab-9242-4830-82a0-cdd001b9479b,200,9,200,9,200,5,200,"cross_correlation,decomposition,structural_break",200,0,11,18,
mcs2025.zip,salient,commodities/vermi/mcs2025-vermi_salient.csv,structural_break,200,5,Year,8,d68d43e1-2077-4180-9125-e33c51a9997f,d8e66809-d91e-4505-9c4b-451274fb9f57,200,7,200,7,200,5,200,"cross_correlation,decomposition,structural_break",200,0,10,16,
mcs2025.zip,salient,commodities/tin/mcs2025-tin_salient.csv,structural_break,200,5,Year,14,0a3471ad-9459-4af0-86b3-6f35d0082357,4bf85dc1-4d34-44ce-8157-2d1a99354074,200,14,200,14,200,5,200,"cross_correlation,decomposition,structural_break",200,0,16,28,
mcs2025.zip,salient,commodities/stonc/mcs2025-stonc_salient.csv,structural_break,200,5,Year,7,54f67f2b-d7b6-43cb-a2fd-21e1cdd7c065,b24d4090-fd9d-4d2d-bd3a-39709d498208,200,7,200,7,200,5,200,"cross_correlation,decomposition,structural_break",200,0,9,14,
mcs2025.zip,salient,commodities/phosp/mcs2025-phosp_salient.csv,structural_break,200,5,Year,8,f6ddffdf-8b6e-4d9b-9e30-97a5a598b3ae,4f56d652-3cee-44f1-91e6-a0de0139624d,200,8,200,8,200,5,200,"cross_correlation,decomposition,structural_break",200,0,10,16,
mcs2025.zip,salient,commodities/kyani/mcs2025-kyani_salient.csv,structural_break,200,5,Year,7,fc2de652-dc82-46e7-a6d9-d006c3bc6997,e0926fb2-60dd-417b-a385-3fc50b54feab,200,7,200,7,200,5,200,"cross_correlation,decomposition,structural_break",200,0,9,14,
mcs2025.zip,salient,commodities/gold/mcs2025-gold_salient.csv,structural_break,200,5,Year,9,87202016-519a-4481-b0d1-d359c91b9200,0242c27a-0f6b-4a87-bb9f-a76ecfd6231a,200,9,200,9,200,5,200,"cross_correlation,decomposition,structural_break",200,0,11,18,
mcs2025.zip,salient,commodities/diamo/mcs2025-diamo_salient.csv,structural_break,200,5,Year,14,e9df657c-e47d-4f6e-89be-ca5e2c900f18,dd9f53d0-654a-4d0f-a455-baa2f1224df6,200,14,200,14,200,5,200,"cross_correlation,decomposition,structural_break",200,0,16,28,
mcs2025.zip,salient,commodities/gypsu/mcs2025-gypsu_salient.csv,structural_break,200,5,Year,11,b5a779d0-44d2-4204-98ac-6b3fdeb4710a,fcf0369e-fd2e-4f94-bc17-cce3d41066de,200,11,200,11,200,5,200,"cross_correlation,decomposition,structural_break",200,0,13,22,
mcs2025.zip,salient,commodities/fepig/mcs2025-fepig_salient.csv,structural_break,200,5,Year,7,7398b0aa-2b42-4f10-a2ad-278fbe178bf3,43aee45d-e35c-425f-a1d1-8e8956a7be64,200,7,200,7,200,5,200,"cross_correlation,decomposition,structural_break",200,0,9,14,
mcs2025.zip,salient,commodities/manga/mcs2025-manga_salient.csv,structural_break,200,5,Year,18,30631597-0b29-4687-b3f8-5646436f8cf1,0fc0a3a7-83d3-46e8-9348-4c71fae2633b,200,18,200,18,200,5,200,"cross_correlation,decomposition,structural_break",200,0,20,36,
mcs2025.zip,salient,commodities/mgcomp/mcs2025-mgcomp_salient.csv,structural_break,200,5,Year,7,3587a78d-4b35-4e82-938f-8998d54a82f9,147355eb-212d-4b8c-8293-f05320a65712,200,7,200,7,200,5,200,"cross_correlation,decomposition,structural_break",200,0,9,14,
mcs2025.zip,salient,commodities/talc/mcs2025-talc_salient.csv,structural_break,200,5,Year,9,2831701a-a3b4-4444-8ec3-68f6f7d25fd9,270bc341-821e-46e2-a3cc-5ee1b25a904d,200,9,200,9,200,5,200,"cross_correlation,decomposition,structural_break",200,0,11,18,
mcs2025.zip,salient,commodities/perli/mcs2025-perli_salient.csv,structural_break,200,5,Year,8,70659ba7-926d-41fb-8d15-65bbd0daf36a,9f22bc05-0e4e-4d6a-8bdd-d8fe3a403804,200,8,200,8,200,5,200,"cross_correlation,decomposition,structural_break",200,0,10,16,
mcs2025.zip,salient,commodities/salt/mcs2025-salt_salient.csv,structural_break,200,5,Year,12,90d5fed0-5392-4975-8202-b62909a98b8b,f7e3db5c-d53b-4fde-b2e1-e6055514d7e4,200,12,200,12,200,5,200,"cross_correlation,decomposition,structural_break",200,0,14,24,
mcs2025.zip,world,world/MCS2025_World_Data.csv,structural_break,200,1250,,5,419fadbb-0f78-4749-b646-0d1075d98983,81b51204-281b-412a-9c5a-00ea2b4cdbfb,200,5,200,5,200,5,200,descriptive_summary,200,0,1,0,
mcs2025.zip,salient,trends/tables/MCS2025_T5_Critical_Minerals_Salient.csv,structural_break,200,31,Year,7,2d3f0165-007e-4ae8-b922-d4a1ff018982,22fa0758-4bd2-4b76-bbf7-af3b304f3f1f,200,7,200,7,200,5,200,"cross_correlation,decomposition,structural_break",200,10,17,14,"structural_break_plot,structural_break_result"
mcs2025.zip,trends_figures,trends/tables/MCS2025_T2_Mineral_Economic_Trends.csv,structural_break,200,5,Year,21,f7d7f076-c423-4681-8c9f-fcf3d9b5c4a4,a6f7c6ab-2284-4d26-a221-29668957b78c,200,21,200,21,200,5,200,"cross_correlation,decomposition,structural_break",200,0,23,42,
mcs2025.zip,trends_figures,trends/tables/MCS2025_T4_Critical_Minerals_End_Use.csv,structural_break,200,50,,0,7e8ab9ab-e098-4800-89fd-a93254102c50,6258e908-3242-4600-aa6d-7b7a4986e07c,200,0,200,0,204,0,200,descriptive_summary,200,0,1,0,
mcs2025.zip,trends_figures,trends/tables/MCS2025_T1_Mineral_Industry_Trends.csv,structural_break,200,5,Year,12,b6a23f38-33a1-4c48-983a-6a854b4131ab,6fa8915a-be07-4cd8-9069-8875b5875dd1,200,12,200,12,200,5,200,"cross_correlation,decomposition,structural_break",200,0,14,24,
mcs2025.zip,trends_figures,trends/tables/MCS2025_T3_State_Value_Rank.csv,structural_break,200,51,Year,3,9a2e5920-4b65-4741-b7a7-0552d713f285,2637a03f-0d9c-48c3-8fdb-918ea104595b,200,3,200,3,200,3,200,"cross_correlation,decomposition,structural_break",200,0,11,6,
mcs2025.zip,trends_figures,trends/figures/MCS2025_Fig12_Pch_Consump_2020_2024.csv,structural_break,200,75,,2,32213aa0-8325-4b97-95a8-b7671f72c183,3516a628-2fb5-4c7e-8fc6-b3016526392b,200,2,200,2,200,2,200,descriptive_summary,200,0,1,0,
mcs2025.zip,trends_figures,trends/figures/MCS2025_Fig10_Price_Growth_Rates.csv,structural_break,200,40,,2,2f9a975a-baef-4c22-af4d-348caa7774bd,a5130269-a447-47a6-b433-072684614c6d,200,2,200,2,200,2,200,descriptive_summary,200,0,1,0,
mcs2025.zip,trends_figures,trends/figures/MCS2025_Fig2_Net_Import_Reliance.csv,structural_break,200,64,,2,cc6aee34-8c4e-499b-9e18-b1e7a2ebe416,0e5b768b-d551-4942-b831-05dfd08c7951,200,2,200,2,200,2,200,descriptive_summary,200,0,1,0,
mcs2025.zip,trends_figures,trends/figures/MCS2025_Fig1_Minerals_in_Economy.csv,structural_break,200,14,Year,1,19be41d1-8e3a-4a32-9ebf-54670064d43c,64920175-850b-4e6d-b345-d1978230fc2a,200,1,200,1,200,1,200,"decomposition,structural_break",200,2,3,2,"structural_break_plot,structural_break_result"
mcs2025.zip,trends_figures,trends/figures/MCS2025_Fig13_Scrap.csv,structural_break,200,15,,4,9f098c35-2893-4418-9518-28c3c9528172,9c22525f-a086-4ce9-8008-315caae6f38f,200,4,200,4,200,4,200,descriptive_summary,200,0,1,0,
mcs2025.zip,trends_figures,trends/figures/MCS2025_Fig4_Value_by_Type.csv,structural_break,200,4,year,1,8a0bd883-2947-4a91-9ab8-550685d0074c,4adb18a3-036b-4625-ab0a-392b1fcd4937,200,1,200,1,200,1,200,"decomposition,structural_break",200,0,3,2,
mcs2025.zip,trends_figures,trends/figures/MCS2025_Fig11_Pch_Consump_2023_2024.csv,structural_break,200,78,,2,4476617e-192c-4b86-9ae3-f3abc7a997b9,3d109518-dc9a-4c58-ab08-897ca50b38a6,200,2,200,2,200,2,200,descriptive_summary,200,0,1,0,
mcs2025.zip,trends_figures,trends/figures/MCS2025_Fig3_Major_Import_Sources.csv,structural_break,200,43,,1,aad91bf6-bf7b-4e06-9ae6-7c593468903e,48e6bb3a-07b8-4eee-aa86-9454e82f989d,200,1,200,1,200,1,200,descriptive_summary,200,0,1,0,
mcs2026.zip,other,commodities/unknown/MCS2026_Commodities_Data.csv,structural_break,200,8886,Year,1,b39eefcb-b479-498f-948d-b4f24b521fcc,b4b89ddf-99d2-4523-90af-851af5652132,200,1,200,1,200,1,200,"decomposition,structural_break",200,2,3,2,"structural_break_plot,structural_break_result"
mcs2026.zip,trends_figures,trends/figures/MCS2026_Fig10_Price_Growth_Rates.csv,structural_break,200,55,,2,40ce3bb9-ba1f-4851-8d15-81102224ccba,6266e7bc-9d93-4343-bded-c15cc1cbc20e,200,2,200,2,200,2,200,descriptive_summary,200,0,1,0,
mcs2026.zip,trends_figures,trends/figures/MCS2026_Fig3_Major_Import_Sources.csv,structural_break,200,191,,2,958ed21c-b4dc-402b-a7a2-d16af2f8b28d,4afb88b3-45d8-4b61-8f8c-3d74be6cdbbe,200,2,200,2,200,2,200,descriptive_summary,200,0,1,0,
mcs2026.zip,trends_figures,trends/figures/MCS2026_Fig4_Value_by_Type.csv,structural_break,200,4,year,1,e40e51f3-b154-4bfc-8790-875423be5376,aed199d6-8db8-4053-a742-bb75817dd84c,200,1,200,1,200,1,200,"decomposition,structural_break",200,0,3,2,
mcs2026.zip,trends_figures,trends/figures/MCS2026_Fig1_Minerals_in_Economy.csv,structural_break,200,14,Year,1,662a83a6-0b77-42b1-a9f7-f14166473ab8,3b70842c-f8b9-4529-9eec-7c387bdca1f2,200,1,200,1,200,1,200,"decomposition,structural_break",200,2,3,2,"structural_break_plot,structural_break_result"
mcs2026.zip,trends_figures,trends/figures/MCS2026_Fig12_Pch_Consump_2021_2025.csv,structural_break,200,81,,1,e27531b8-f49e-4c5e-a09d-a962fb808449,f19733e4-dad0-4f70-8c52-4b2576993eb3,200,1,200,1,200,1,200,descriptive_summary,200,0,1,0,
mcs2026.zip,trends_figures,trends/figures/MCS2026_Fig13_Scrap.csv,structural_break,200,15,,4,1746f9d8-f0df-4e2a-b763-3ae050b805f6,dc2e6da8-85dc-4b2a-b812-caf7ddc4292e,200,4,200,4,200,4,200,descriptive_summary,200,0,1,0,
mcs2026.zip,trends_figures,trends/figures/MCS2026_Fig11_Pch_Consump_2024_2025.csv,structural_break,200,81,,1,3b911c07-f1bb-4596-b82c-22e61d1e20b4,55f4d49c-dc15-47c9-a865-5f03301ddbb0,200,1,200,1,200,1,200,descriptive_summary,200,0,1,0,
mcs2026.zip,trends_figures,trends/figures/MCS2026_Fig2_Net_Import_Reliance.csv,structural_break,200,68,,2,265b2889-a146-4c54-8b89-a762f61f4b6b,6c08e7ea-d303-4b6c-84cf-8d5f623bae8c,200,2,200,2,200,2,200,descriptive_summary,200,0,1,0,
mcs2026.zip,trends_figures,trends/tables/MCS2026_T1_Mineral_Industry_Trends.csv,structural_break,200,5,Year,12,0d33a8d2-98b0-42d5-a5a5-9e3ad9a83567,a0f335fe-af5f-47fe-91d6-40ca9a342166,200,12,200,12,200,5,200,"cross_correlation,decomposition,structural_break",200,0,14,24,
mcs2026.zip,salient,trends/tables/MCS2026_T7_Critical_Minerals_Salient.csv,structural_break,200,39,Year,7,a2284b17-0121-423c-8fa6-925395278969,010f2613-2c27-4ba2-8361-3cc8ccb858da,200,7,200,7,200,5,200,"cross_correlation,decomposition,structural_break",200,8,18,14,"structural_break_plot,structural_break_result"
mcs2026.zip,trends_figures,trends/tables/MCS2026_T2_Mineral_Economic_Trends.csv,structural_break,200,5,Year,21,8933cc3a-d6a8-40fc-b438-3271266e483e,1dffc1e1-595a-45ff-8479-37f6acf90ee3,200,21,200,21,200,5,200,"cross_correlation,decomposition,structural_break",200,0,23,42,
mcs2026.zip,trends_figures,trends/tables/MCS2026_T3_State_Value_Rank.csv,structural_break,200,52,Year,3,de1e09d7-6fc3-43ee-9232-53a146a8f44c,8ccf8932-b365-432b-a0e4-89b38d882dac,200,3,200,3,200,3,200,"cross_correlation,decomposition,structural_break",200,4,8,6,"structural_break_plot,structural_break_result"
mcs2026.zip,trends_figures,trends/tables/MCS2026_T4_Country_Export_Control.csv,structural_break,200,19,,0,659e8a9b-0f4a-4777-96d1-6b21a1dbd654,643b0121-bca3-403a-b738-8f28138953d3,200,0,200,0,204,0,200,descriptive_summary,200,0,1,0,
mcs2026.zip,trends_figures,trends/tables/MCS2026_T5_Trade_Agreements.csv,structural_break,200,9,Signing_date,0,6a0e8fc6-b46f-413c-83cd-0ac3c356df23,a19d4cb0-70c7-475a-b4c9-ec5521083f2d,200,0,200,0,204,0,200,descriptive_summary,200,0,2,0,
mcs2026.zip,trends_figures,trends/tables/MCS2026_T6_Critical_Minerals_End_Use.csv,structural_break,200,60,,0,95c5f415-b340-4997-be9f-d59bbc2f6105,0c468d6a-581f-48ac-9b7a-10cdc2815fcb,200,0,200,0,204,0,200,descriptive_summary,200,0,1,0,
