archive,bucket,file,method_name,upload_status,row_count,time_column,numeric_count,dataset_id,version_id,profile_status,profile_count,recommend_status,recommend_count,transform_status,transformed_vars,analysis_recommend_status,analysis_sequence,analysis_status,artifact_count,caveat_count,assumption_count,artifact_types,error
mcs2024.zip,salient,trends/others/MCS2025_T5_Critical_Minerals_Salient.csv,decomposition,200,31.0,Year,7.0,8361602a-e5b4-4ea0-afa2-9dd8cc921df5,af3dde8b-af01-4789-9fd2-f5a59ef3b07f,200.0,7.0,200.0,7.0,200.0,5.0,200.0,"cross_correlation,decomposition,structural_break",200.0,0.0,8.0,21.0,,
mcs2024.zip,trends_figures,trends/others/MCS2025_Fig12_Pch_Consump_2020_2024.csv,decomposition,200,75.0,,2.0,3db9295a-70bd-4e59-aea5-6a3caa261b79,c883b1ca-0f1e-405d-ad01-68d8a13c8616,200.0,2.0,200.0,2.0,200.0,2.0,200.0,descriptive_summary,200.0,0.0,1.0,0.0,,
mcs2024.zip,trends_figures,trends/others/MCS2025_Fig10_Price_Growth_Rates.csv,decomposition,200,40.0,,2.0,00ded5cf-bc4e-4fe5-9c24-05929e38dda7,22000ea9-5ee2-422d-9d42-240546c1fbfe,200.0,2.0,200.0,2.0,200.0,2.0,200.0,descriptive_summary,200.0,0.0,1.0,0.0,,
mcs2024.zip,trends_figures,trends/others/MCS2025_T4_Critical_Minerals_End_Use.csv,decomposition,200,50.0,,0.0,654aa6d6-bfbe-4cb2-ad6c-88b7c37c281f,5efdfb15-59f7-4a83-89f2-e6acb976fb25,200.0,0.0,200.0,0.0,204.0,0.0,200.0,descriptive_summary,200.0,0.0,1.0,0.0,,
mcs2024.zip,trends_figures,trends/others/MCS2025_T1_Mineral_Industry_Trends.csv,decomposition,200,5.0,Year,12.0,542bba99-d417-439d-9816-4b394236b836,c573a350-3e38-4404-a186-91781ebee2a7,200.0,12.0,200.0,12.0,200.0,5.0,200.0,"cross_correlation,decomposition,structural_break",200.0,0.0,13.0,36.0,,
mcs2024.zip,trends_figures,trends/others/MCS2025_Fig13_Scrap.csv,decomposition,200,15.0,,4.0,0eedff8b-c406-472a-a617-abae9d75d881,eb81ac8f-e96a-4162-8677-62041d9805be,200.0,4.0,200.0,4.0,200.0,4.0,200.0,descriptive_summary,200.0,0.0,1.0,0.0,,
mcs2024.zip,trends_figures,trends/others/MCS2025_Fig4_Value_by_Type.csv,decomposition,200,4.0,year,1.0,e1ffa837-1fc6-4fb7-a6ba-96a42701dceb,94db28ad-62a2-4148-ab2f-dfa254d92de6,200.0,1.0,200.0,1.0,200.0,1.0,200.0,"decomposition,structural_break",200.0,0.0,2.0,3.0,,
mcs2024.zip,trends_figures,trends/others/MCS2025_Fig11_Pch_Consump_2023_2024.csv,decomposition,200,78.0,,2.0,13e6a8bc-5fd2-4a19-9c69-1fc2cd2b1047,f07691c5-ec69-4dca-ad2d-a7e1730e4648,200.0,2.0,200.0,2.0,200.0,2.0,200.0,descriptive_summary,200.0,0.0,1.0,0.0,,
mcs2024.zip,trends_figures,trends/others/MCS2025_Fig2_Net_Import_Reliance.csv,decomposition,200,64.0,,2.0,1ed99f9c-e468-401c-a6b2-bea323f3b514,1ee6815f-2928-47be-ac92-06d5e76b80ec,200.0,2.0,200.0,2.0,200.0,2.0,200.0,descriptive_summary,200.0,0.0,1.0,0.0,,
mcs2024.zip,trends_figures,trends/others/MCS2025_T3_State_Value_Rank.csv,decomposition,200,51.0,Year,3.0,fe9b13c4-8abf-4d44-86dd-7d26ff5be4c7,908243ac-5ae4-4a75-9d43-b3efaa6d8067,200.0,3.0,200.0,3.0,200.0,3.0,200.0,"cross_correlation,decomposition,structural_break",200.0,0.0,4.0,9.0,,
mcs2024.zip,trends_figures,trends/others/MCS2025_Fig3_Major_Import_Sources.csv,decomposition,200,43.0,,1.0,01067c58-d489-4a95-b1b4-27149adcfce2,cd1b45e7-9f39-4b61-8fda-0c99d77990dc,200.0,1.0,200.0,1.0,200.0,1.0,200.0,descriptive_summary,200.0,0.0,1.0,0.0,,
mcs2024.zip,trends_figures,trends/others/MCS2025_Fig1_Minerals_in_Economy.csv,decomposition,200,14.0,Year,1.0,8b567e37-e97b-4589-b4ee-cddd695f0225,d812f887-b409-4cf0-bbfb-b05b2ad590b5,200.0,1.0,200.0,1.0,200.0,1.0,200.0,"decomposition,structural_break",200.0,0.0,2.0,3.0,,
mcs2024.zip,trends_figures,trends/others/MCS2025_T2_Mineral_Economic_Trends.csv,decomposition,200,5.0,Year,21.0,8d99d853-aa13-48d8-ad97-bd14b644c20a,ab69bbf1-5880-490b-8992-ce765c577c41,200.0,21.0,200.0,21.0,200.0,5.0,200.0,"cross_correlation,decomposition,structural_break",200.0,0.0,22.0,63.0,,
mcs2024.zip,trends_figures,trends/figures/MCS2024_Fig4_Value_by_Type.csv,decomposition,200,4.0,year,1.0,b3dc8a1b-6803-4203-8fa4-5aa01c18dbd7,87e9345d-6205-4185-af04-455c1cce6011,200.0,1.0,200.0,1.0,200.0,1.0,200.0,"decomposition,structural_break",200.0,0.0,2.0,3.0,,
mcs2024.zip,trends_figures,trends/figures/MCS2024_Fig3_Major_Import_Sources.csv,decomposition,200,43.0,,1.0,f365252a-d2ff-4d4f-a738-01ed28cab9d5,e9d8a6ae-008b-4c83-825f-4fb16fcf4e8a,200.0,1.0,200.0,1.0,200.0,1.0,200.0,descriptive_summary,200.0,0.0,1.0,0.0,,
mcs2024.zip,trends_figures,trends/figures/MCS2024_Fig12_Pch_Consump_2019_2023.csv,decomposition,200,73.0,,2.0,a31fb680-5891-48ba-a5b6-1d6ca75f2e20,0924ae2b-291b-4264-b335-ac1c2137efda,200.0,2.0,200.0,2.0,200.0,2.0,200.0,descriptive_summary,200.0,0.0,1.0,0.0,,
mcs2024.zip,trends_figures,trends/figures/MCS2024_Fig1_Minerals_in_Economy.csv,decomposition,200,14.0,Year,1.0,2264c89e-da71-4672-9ba8-191366bb506d,51138fe7-114d-4878-885c-ed4bdb08c5b0,200.0,1.0,200.0,1.0,200.0,1.0,200.0,"decomposition,structural_break",200.0,0.0,2.0,3.0,,
mcs2024.zip,trends_figures,trends/figures/MCS2024_Fig2_Net_Import_Reliance.csv,decomposition,200,63.0,,2.0,bdea10b8-e7dc-419a-b80a-3e30db5c93a2,4e10a254-6626-4db7-90f7-e58f82abee80,200.0,2.0,200.0,2.0,200.0,2.0,200.0,descriptive_summary,200.0,0.0,1.0,0.0,,
mcs2024.zip,trends_figures,trends/figures/MCS2024_Fig11_Pch_Consump_2022_2023.csv,decomposition,200,74.0,,2.0,7a8b07fd-1c06-4046-b3f6-19ec4a47e41b,6514171d-a04e-4dd0-ab8c-c16c2491955a,200.0,2.0,200.0,2.0,200.0,2.0,200.0,descriptive_summary,200.0,0.0,1.0,0.0,,
mcs2024.zip,trends_figures,trends/figures/MCS2024_Fig10_Price_Growth_Rates.csv,decomposition,200,40.0,,2.0,6b8944f9-6083-4d2c-8a60-7cbec56df830,e02a1597-4ce4-4e37-ac23-52e760f38f32,200.0,2.0,200.0,2.0,200.0,2.0,200.0,descriptive_summary,200.0,0.0,1.0,0.0,,
mcs2024.zip,trends_figures,trends/tables/MCS2024_T3_State_Value_Rank.csv,decomposition,200,50.0,Year,3.0,f40a9f1a-6659-430d-ba28-39162bbd867a,35d60258-6109-42cf-912b-992636de3629,200.0,3.0,200.0,3.0,200.0,3.0,200.0,"cross_correlation,decomposition,structural_break",200.0,0.0,4.0,9.0,,
mcs2024.zip,salient,trends/tables/MCS2024_T5_Critical_Minerals_Salient.csv,decomposition,200,31.0,Year,7.0,a3ca170a-d285-418b-9042-5ca9bf529fe1,cbdc12b6-91f7-41b2-b788-64b513b861fd,200.0,7.0,200.0,7.0,200.0,5.0,200.0,"cross_correlation,decomposition,structural_break",200.0,0.0,8.0,21.0,,
mcs2024.zip,trends_figures,trends/tables/MCS2024_T4_Critical_Minerals_End_Use.csv,decomposition,200,50.0,,0.0,2f487039-7889-4802-8614-ce8b062d6aaa,b85a36c7-2645-41b8-a0cc-a98e70076d34,200.0,0.0,200.0,0.0,204.0,0.0,200.0,descriptive_summary,200.0,0.0,1.0,0.0,,
mcs2024.zip,trends_figures,trends/tables/MCS2024_T2_Mineral_Economic_Trends.csv,decomposition,200,5.0,Year,21.0,40815a2b-0821-4b1b-9dd0-100532589e7f,6766ec04-6a50-4f62-a1bc-f07965bbc798,200.0,21.0,200.0,21.0,200.0,5.0,200.0,"cross_correlation,decomposition,structural_break",200.0,0.0,22.0,63.0,,
mcs2024.zip,trends_figures,trends/tables/MCS2024_T1_Mineral_Industry_Trends.csv,decomposition,200,5.0,Year,12.0,1950e7b6-f245-4eb6-bba5-b2c03ae49cdc,97228077-639e-4b60-9065-da1a751fcbd2,200.0,12.0,200.0,12.0,200.0,5.0,200.0,"cross_correlation,decomposition,structural_break",200.0,0.0,13.0,36.0,,
mcs2024.zip,salient,commodities/vanad/mcs2024-vanad_salient.csv,decomposition,200,5.0,Year,21.0,484e9ec0-9af2-4373-802a-1a14ea299c64,a0a1e812-b165-4e53-8d62-87f39da678ab,200.0,21.0,200.0,21.0,200.0,5.0,200.0,"cross_correlation,decomposition,structural_break",200.0,0.0,22.0,63.0,,
mcs2024.zip,world,commodities/vanad/mcs2024-vanad_world.csv,decomposition,200,7.0,,3.0,eaff9896-a1b5-4286-827a-4e940e6a7fd8,3871de15-36e9-4a8e-84e0-2e2acae0b429,200.0,3.0,200.0,3.0,200.0,3.0,200.0,descriptive_summary,200.0,0.0,1.0,0.0,,
mcs2024.zip,salient,commodities/salt/mcs2024-salt_salient.csv,decomposition,200,5.0,Year,12.0,1714e044-cf6e-4e53-9600-90512b9fb19f,634c245f-02c0-48fd-9e60-7d4eefbd01ef,200.0,12.0,200.0,12.0,200.0,5.0,200.0,"cross_correlation,decomposition,structural_break",200.0,0.0,13.0,36.0,,
mcs2024.zip,world,commodities/salt/mcs2024-salt_world.csv,decomposition,200,25.0,,4.0,c6b6aec2-89ce-46ca-83b0-85ed5937b1c8,75274ecc-b1ab-4b33-8eaf-034a37551f42,200.0,2.0,200.0,2.0,200.0,2.0,200.0,descriptive_summary,200.0,0.0,1.0,0.0,,
mcs2024.zip,world,commodities/gypsu/mcs2024-gypsu_world.csv,decomposition,200,22.0,,3.0,20f23eb4-69f9-49f2-9437-53cad326d8b4,b8152f8a-3ce2-4367-b6e1-a14df5cb6125,200.0,3.0,200.0,3.0,200.0,3.0,200.0,descriptive_summary,200.0,0.0,1.0,0.0,,
mcs2024.zip,salient,commodities/gypsu/mcs2024-gypsu_salient.csv,decomposition,200,22.0,,3.0,140732f9-1ec7-43f7-ac07-2c82ba8eb00e,96130b82-c56a-47b3-9255-2721c5b929e8,200.0,3.0,200.0,3.0,200.0,3.0,200.0,descriptive_summary,200.0,0.0,1.0,0.0,,
mcs2024.zip,world,commodities/arsen/mcs2024-arsen_world.csv,decomposition,200,9.0,,4.0,706e263e-330c-4920-8785-3e661590fb7d,8e20d8cd-f16a-4a78-8a3c-cc41633ec38d,200.0,2.0,200.0,2.0,200.0,2.0,200.0,descriptive_summary,200.0,0.0,1.0,0.0,,
mcs2024.zip,salient,commodities/arsen/mcs2024-arsen_salient.csv,decomposition,200,5.0,Year,7.0,d5cee84a-1a71-4543-b75c-6fd30194a2c7,8953baa2-ca89-497d-949e-74079d6e9912,200.0,7.0,200.0,7.0,200.0,5.0,200.0,"cross_correlation,decomposition,structural_break",200.0,0.0,8.0,21.0,,
mcs2024.zip,salient,commodities/graph/mcs2024-graph_salient.csv,decomposition,200,5.0,Year,8.0,bf52c802-53eb-45ec-9c63-ea3dbd6241f4,ab398b69-c1b2-46a7-a0f9-f915118a8e47,200.0,8.0,200.0,8.0,200.0,5.0,200.0,"cross_correlation,decomposition,structural_break",200.0,0.0,9.0,24.0,,
mcs2024.zip,world,commodities/graph/mcs2024-graph_world.csv,decomposition,200,20.0,,4.0,a1396ace-e284-4ee1-8edb-3a3f3ba060f6,718d253d-417d-440a-87f1-cf0d25a2bd1c,200.0,3.0,200.0,3.0,200.0,3.0,200.0,descriptive_summary,200.0,0.0,1.0,0.0,,
mcs2024.zip,world,commodities/potas/mcs2024-potas_world.csv,decomposition,200,14.0,,4.0,6403bc27-fd77-4e94-b834-23439bd92b36,324c89cc-7927-48f7-8ed8-e0cd7fe640e9,200.0,4.0,200.0,4.0,200.0,4.0,200.0,descriptive_summary,200.0,0.0,1.0,0.0,,
mcs2024.zip,salient,commodities/potas/mcs2024-potas_salient.csv,decomposition,200,5.0,Year,9.0,d565a161-df0e-4a16-8cf3-7d3f5f0db62f,012db001-aac6-4ca3-bdab-b3519ed14c56,200.0,9.0,200.0,9.0,200.0,5.0,200.0,"cross_correlation,decomposition,structural_break",200.0,0.0,10.0,27.0,,
mcs2024.zip,salient,commodities/mgmet/mcs2024-mgmet_salient.csv,decomposition,200,5.0,Year,8.0,a8a15d72-25af-4a64-a1c2-5091f29830a3,9f00a878-9848-456a-9288-c44dba4f079f,200.0,8.0,200.0,8.0,200.0,5.0,200.0,"cross_correlation,decomposition,structural_break",200.0,0.0,9.0,24.0,,
mcs2024.zip,world,commodities/mgmet/mcs2024-mgmet_world.csv,decomposition,200,10.0,,4.0,91b81e5f-76b2-4d27-94a1-cd7c73331a67,499886f6-da40-43e1-9da2-6d3b7d1824f3,200.0,2.0,200.0,2.0,200.0,2.0,200.0,descriptive_summary,200.0,0.0,1.0,0.0,,
mcs2024.zip,world,commodities/beryl/mcs2024-beryl_world.csv,decomposition,200,8.0,,4.0,73cb4ed1-21da-4a91-9735-18653835e514,0ea9d87d-1e5a-4558-adfd-f22aa278dda3,200.0,2.0,200.0,2.0,200.0,2.0,200.0,descriptive_summary,200.0,0.0,1.0,0.0,,
mcs2024.zip,salient,commodities/beryl/mcs2024-beryl_salient.csv,decomposition,200,5.0,Year,9.0,4983e9b4-e810-4d1d-a266-252baa05b3d3,bb205879-b207-4257-9fe2-af131219651e,200.0,9.0,200.0,9.0,200.0,5.0,200.0,"cross_correlation,decomposition,structural_break",200.0,0.0,10.0,27.0,,
mcs2024.zip,salient,commodities/zeoli/mcs2024-zeoli_salient.csv,decomposition,200,5.0,Year,6.0,4fe47595-ac36-4a21-b64f-7c5e7f5f81e8,bd486fbe-c321-422b-994f-5a5e98db7fb6,200.0,6.0,200.0,6.0,200.0,5.0,200.0,"cross_correlation,decomposition,structural_break",200.0,0.0,7.0,18.0,,
mcs2024.zip,world,commodities/zeoli/mcs2024-zeoli_world.csv,decomposition,200,15.0,,5.0,10ebf80a-acbf-4411-b995-2c462b5c1c78,f97dcdd0-a21f-4a05-8b23-a5b06f6a698d,200.0,3.0,200.0,3.0,200.0,3.0,200.0,descriptive_summary,200.0,0.0,1.0,0.0,,
mcs2024.zip,salient,commodities/simet/mcs2024-simet_salient.csv,decomposition,200,5.0,Year,11.0,cf314437-1085-4cfb-b258-8a368aeea895,858e7066-858b-4b8e-9cc3-7a2a93329580,200.0,11.0,200.0,11.0,200.0,5.0,200.0,"cross_correlation,decomposition,structural_break",200.0,0.0,12.0,33.0,,
mcs2024.zip,world,commodities/simet/mcs2024-simet_world.csv,decomposition,200,38.0,,4.0,0c590b81-d4b4-41e0-bcb5-8f790e757a92,a2b15d1e-b63f-44a8-bc3d-35ab3f5d41cb,200.0,2.0,200.0,2.0,200.0,2.0,200.0,descriptive_summary,200.0,0.0,1.0,0.0,,
mcs2024.zip,world,commodities/zirco/mcs2024-zirco_world.csv,decomposition,200,12.0,,3.0,5489d274-06be-40f9-aaa1-c586a3dca0f6,e6a4b3f6-4029-424a-83cb-e88b7706c0bf,200.0,3.0,200.0,3.0,200.0,3.0,200.0,descriptive_summary,200.0,0.0,1.0,0.0,,
mcs2024.zip,salient,commodities/zirco/mcs2024-zirco_salient.csv,decomposition,200,5.0,Year,16.0,3571987c-9801-4609-8b28-3c60387ff96f,787c19ab-6541-49f3-9a42-20bb13e99dc2,200.0,15.0,200.0,15.0,200.0,5.0,200.0,"cross_correlation,decomposition,structural_break",200.0,0.0,17.0,48.0,,
mcs2024.zip,salient,commodities/quartz/mcs2024-quartz_salient.csv,decomposition,200,5.0,Year,9.0,9bb933ea-3e8e-48c6-852d-38374f8acca4,e503191a-045b-4008-8c77-a6dc9a6f6b39,200.0,5.0,200.0,5.0,200.0,5.0,200.0,"cross_correlation,decomposition,structural_break",200.0,0.0,10.0,27.0,,
mcs2024.zip,world,commodities/stond/mcs2024-stond_world.csv,decomposition,200,3.0,,4.0,5cb1a868-b344-46d7-9fec-4bf19057f95f,37c76dcd-8ae1-42f5-87fe-b629b138867a,200.0,2.0,200.0,2.0,200.0,2.0,200.0,descriptive_summary,200.0,0.0,1.0,0.0,,
mcs2024.zip,salient,commodities/stond/mcs2024-stond_salient.csv,decomposition,200,5.0,Year,14.0,a8dd5c1c-69d6-4ec3-a03a-a5ccf63b895c,8e970dc3-f9ce-4d1a-9e22-92b7435bae1e,200.0,14.0,200.0,14.0,200.0,5.0,200.0,"cross_correlation,decomposition,structural_break",200.0,0.0,15.0,42.0,,
mcs2024.zip,salient,commodities/lead/mcs2024-lead_salient.csv,decomposition,200,5.0,Year,12.0,5c2779b2-b964-4b5d-8d9a-8442e4094215,d386f082-ca6e-4038-a8a9-44d6d8eac5b3,200.0,12.0,200.0,12.0,200.0,5.0,200.0,"cross_correlation,decomposition,structural_break",200.0,0.0,13.0,36.0,,
mcs2024.zip,world,commodities/lead/mcs2024-lead_world.csv,decomposition,200,14.0,,3.0,e81f81f5-b377-4c03-b220-2560dcaf4487,98bb84ce-18ce-49fe-b549-209cc0da3e43,200.0,3.0,200.0,3.0,200.0,3.0,200.0,descriptive_summary,200.0,0.0,1.0,0.0,,
mcs2024.zip,salient,commodities/fepig/mcs2024-fepig_salient.csv,decomposition,200,5.0,Year,7.0,b85dc0af-ac15-45a2-82a7-f1784fa344ab,dce30308-e873-4fb1-a011-c071012cdc17,200.0,7.0,200.0,7.0,200.0,5.0,200.0,"cross_correlation,decomposition,structural_break",200.0,0.0,8.0,21.0,,
mcs2024.zip,world,commodities/fepig/mcs2024-fepig_world.csv,decomposition,200,9.0,,6.0,577bafbc-111a-447b-9337-0232bddf02da,be29232b-1a03-43fc-8376-ce1603d44a31,200.0,3.0,200.0,3.0,200.0,3.0,200.0,descriptive_summary,200.0,0.0,1.0,0.0,,
mcs2024.zip,salient,commodities/mgcomp/mcs2024-mgcomp_salient.csv,decomposition,200,5.0,Year,7.0,e203db08-ea32-4315-a2ac-e2c593304f94,e3c038e7-e90f-42f6-a852-5f19d11a891d,200.0,7.0,200.0,7.0,200.0,5.0,200.0,"cross_correlation,decomposition,structural_break",200.0,0.0,8.0,21.0,,
mcs2024.zip,world,commodities/mgcomp/mcs2024-mgcomp_world.csv,decomposition,200,16.0,,3.0,b8dc0fd0-4051-4a9e-9f22-653e4e422218,29fcdacd-f8cd-4136-8d99-ec23f53701a9,200.0,3.0,200.0,3.0,200.0,3.0,200.0,descriptive_summary,200.0,0.0,1.0,0.0,,
mcs2024.zip,world,commodities/coppe/mcs2024-coppe_world.csv,decomposition,200,36.0,,3.0,e311c431-1679-492e-9010-61b449f91333,be57aeee-915e-4b99-b979-3aa128383786,200.0,3.0,200.0,3.0,200.0,3.0,200.0,descriptive_summary,200.0,0.0,1.0,0.0,,
mcs2024.zip,salient,commodities/coppe/mcs2024-coppe_salient.csv,decomposition,200,5.0,Year,16.0,b28c384b-ca80-4e9c-8c20-50cf5dc59d00,beeeeb81-b9c2-4d0f-804e-db93209961f2,200.0,16.0,200.0,16.0,200.0,5.0,200.0,"cross_correlation,decomposition,structural_break",200.0,0.0,17.0,48.0,,
mcs2024.zip,world,commodities/pumic/mcs2024-pumic_world.csv,decomposition,200,16.0,,4.0,e98e9abd-0c6b-45de-9b5c-897653fe3637,c037f660-8a74-4b88-8f3e-963b5d4bf92a,200.0,2.0,200.0,2.0,200.0,2.0,200.0,descriptive_summary,200.0,0.0,1.0,0.0,,
mcs2024.zip,salient,commodities/pumic/mcs2024-pumic_salient.csv,decomposition,200,5.0,Year,7.0,5b6b7b64-d16f-4fbd-990d-a587654dd659,385931d4-461a-4695-80a8-15bdd86afac1,200.0,7.0,200.0,7.0,200.0,5.0,200.0,"cross_correlation,decomposition,structural_break",200.0,0.0,8.0,21.0,,
mcs2024.zip,salient,commodities/sandc/mcs2024-sandc_salient.csv,decomposition,200,5.0,Year,7.0,bb2d5928-8665-4d05-bfbc-903a3616c292,64fdb50e-2c2e-43b1-b8b1-c288b972cc07,200.0,7.0,200.0,7.0,200.0,5.0,200.0,"cross_correlation,decomposition,structural_break",200.0,0.0,8.0,21.0,,
mcs2024.zip,salient,commodities/thori/mcs2024-thori_salient.csv,decomposition,200,5.0,Year,8.0,aa0f8a7e-2330-46b0-9e61-5c7486210ef0,18baf866-45fc-4a04-9101-64c5be917153,200.0,6.0,200.0,6.0,200.0,5.0,200.0,"cross_correlation,decomposition,structural_break",200.0,0.0,9.0,24.0,,
mcs2024.zip,world,commodities/tin/mcs2024-tin_world.csv,decomposition,200,17.0,,3.0,49294aa5-9edd-483f-b109-ce897c6d076b,e6bb6663-f689-44fd-9199-cde06663e608,200.0,3.0,200.0,3.0,200.0,3.0,200.0,descriptive_summary,200.0,0.0,1.0,0.0,,
mcs2024.zip,salient,commodities/tin/mcs2024-tin_salient.csv,decomposition,200,5.0,Year,14.0,06f3e650-b81f-4049-8f9a-a87120202b5c,86d32be5-e33a-4117-886f-fc482bdd8704,200.0,14.0,200.0,14.0,200.0,5.0,200.0,"cross_correlation,decomposition,structural_break",200.0,0.0,15.0,42.0,,
mcs2024.zip,salient,commodities/tanta/mcs2024-tanta_salient.csv,decomposition,200,5.0,Year,7.0,483930d4-57fe-4c37-be17-1c8d5c2e8d07,7e928b44-f667-48b9-aea4-f9a50179d2d1,200.0,6.0,200.0,6.0,200.0,5.0,200.0,"cross_correlation,decomposition,structural_break",200.0,0.0,8.0,21.0,,
mcs2024.zip,world,commodities/tanta/mcs2024-tanta_world.csv,decomposition,200,11.0,,3.0,bd924aca-cd39-4e95-835f-9ce58779c4ff,b2e4b26c-0090-48b0-a9a0-437f9824a77c,200.0,3.0,200.0,3.0,200.0,3.0,200.0,descriptive_summary,200.0,0.0,1.0,0.0,,
mcs2024.zip,world,commodities/diamo/mcs2024-diamo_world.csv,decomposition,200,9.0,,4.0,6f641882-092a-4dcc-9571-5aa6a8e06895,fa020ce5-56f6-434f-9387-1229129ae969,200.0,3.0,200.0,3.0,200.0,3.0,200.0,descriptive_summary,200.0,0.0,1.0,0.0,,
mcs2024.zip,salient,commodities/diamo/mcs2024-diamo_salient.csv,decomposition,200,5.0,Year,13.0,ec06b08f-e942-4eb7-964a-35c70eb17e1d,a0bca2ff-5677-4e1f-b730-e57c573f622d,200.0,13.0,200.0,13.0,200.0,5.0,200.0,"cross_correlation,decomposition,structural_break",200.0,0.0,14.0,39.0,,
mcs2024.zip,world,commodities/heliu/mcs2024-heliu_world.csv,decomposition,200,10.0,,3.0,46bc201c-13c5-4691-ad0c-c68bd5d1f21a,45f625c6-2698-4251-93fd-21586f7b64df,200.0,3.0,200.0,3.0,200.0,3.0,200.0,descriptive_summary,200.0,0.0,1.0,0.0,,
mcs2024.zip,salient,commodities/heliu/mcs2024-heliu_salient.csv,decomposition,200,5.0,Year,6.0,d006fc0f-dc20-4e38-a3bb-9c2d7c4cd370,93454e13-c0c7-401e-a1d5-af3ebaafee78,200.0,6.0,200.0,6.0,200.0,5.0,200.0,"cross_correlation,decomposition,structural_break",200.0,0.0,7.0,18.0,,
mcs2024.zip,salient,commodities/cobal/mcs2024-cobal_salient.csv,decomposition,200,14.0,,3.0,02479230-03cf-4b59-8add-6f18ec6fd7e0,17161ed3-656e-4450-8ea5-3d83885fb72f,200.0,3.0,200.0,3.0,200.0,3.0,200.0,descriptive_summary,200.0,0.0,1.0,0.0,,
mcs2024.zip,world,commodities/cobal/mcs2024-cobal_world.csv,decomposition,200,14.0,,3.0,5313499b-5654-4db0-9202-eef621a179a6,295417cb-de54-4320-b906-de4733f6b4d7,200.0,3.0,200.0,3.0,200.0,3.0,200.0,descriptive_summary,200.0,0.0,1.0,0.0,,
mcs2024.zip,world,commodities/felds/mcs2024-felds_world.csv,decomposition,200,16.0,,4.0,e790d03b-725d-4ff7-98d4-6b34364bd754,749ce60d-d5b6-4584-90b7-9fd7f5531954,200.0,3.0,200.0,3.0,200.0,3.0,200.0,descriptive_summary,200.0,0.0,1.0,0.0,,
mcs2024.zip,salient,commodities/felds/mcs2024-felds_salient.csv,decomposition,200,5.0,Year,11.0,038ce388-c6e7-48e4-93b0-e2cf155305a3,a8dd47b1-49fb-4db1-acb5-f01411facb32,200.0,11.0,200.0,11.0,200.0,5.0,200.0,"cross_correlation,decomposition,structural_break",200.0,0.0,12.0,33.0,,
mcs2024.zip,world,commodities/fluor/mcs2024-fluor_world.csv,decomposition,200,12.0,,4.0,34cd0029-9fdb-4350-ac10-e03955588960,c4704b43-0289-4644-9471-100c288db6a1,200.0,3.0,200.0,3.0,200.0,3.0,200.0,descriptive_summary,200.0,0.0,1.0,0.0,,
mcs2024.zip,salient,commodities/fluor/mcs2024-fluor_salient.csv,decomposition,200,5.0,Year,14.0,9b64c2ca-9fc5-4781-917f-bcf1d9208361,127f7525-f09d-453d-aeb5-1caa3e9bbe34,200.0,13.0,200.0,13.0,200.0,5.0,200.0,"cross_correlation,decomposition,structural_break",200.0,0.0,15.0,42.0,,
mcs2024.zip,world,commodities/selen/mcs2024-selen_world.csv,decomposition,200,15.0,,3.0,b96923ed-5dc8-410c-9121-99fc893727f8,ff3c47de-2f64-4491-bcdb-02a04b800bdc,200.0,3.0,200.0,3.0,200.0,3.0,200.0,descriptive_summary,200.0,0.0,1.0,0.0,,
mcs2024.zip,salient,commodities/selen/mcs2024-selen_salient.csv,decomposition,200,5.0,Year,6.0,a5c7901c-7f12-490d-b4be-eddb42f5577c,417e4197-3753-4ae3-92fa-cf146450ba18,200.0,6.0,200.0,6.0,200.0,5.0,200.0,"cross_correlation,decomposition,structural_break",200.0,0.0,7.0,18.0,,
mcs2024.zip,world,commodities/cemen/mcs2024-cemen_world.csv,decomposition,200,32.0,,5.0,9ca322fa-576a-4b6c-9efa-4f1996ca0ccd,8ce219ab-51e2-4b84-be12-dc913ab8013f,200.0,2.0,200.0,2.0,200.0,2.0,200.0,descriptive_summary,200.0,0.0,1.0,0.0,,
mcs2024.zip,salient,commodities/cemen/mcs2024-cemen_salient.csv,decomposition,200,5.0,Year,11.0,08573d97-42b0-4cfb-b98f-e985bfddd2d4,23819f1a-e163-4205-91e8-fd898712d3f7,200.0,11.0,200.0,11.0,200.0,5.0,200.0,"cross_correlation,decomposition,structural_break",200.0,0.0,12.0,33.0,,
mcs2024.zip,world,commodities/feste/mcs2024-feste_world.csv,decomposition,200,36.0,,5.0,4d221559-7fd3-451f-9439-17df058a251b,679e7f1b-03cb-4e4b-ad76-56501ef56a5b,200.0,2.0,200.0,2.0,200.0,2.0,200.0,descriptive_summary,200.0,0.0,1.0,0.0,,
mcs2024.zip,salient,commodities/feste/mcs2024-feste_salient.csv,decomposition,200,5.0,Year,18.0,f61e33de-ada8-4801-ba3d-1527a3fae4f2,2e5acbdb-2ef1-4f70-8937-c3ee4e57bf09,200.0,18.0,200.0,18.0,200.0,5.0,200.0,"cross_correlation,decomposition,structural_break",200.0,0.0,19.0,54.0,,
mcs2024.zip,salient,commodities/indiu/mcs2024-indiu_salient.csv,decomposition,200,5.0,Year,8.0,7623f573-c47c-4d7e-bb4e-29d7e921aa91,95a17d64-a272-49bb-b7ee-74d32f1b0629,200.0,7.0,200.0,7.0,200.0,5.0,200.0,"cross_correlation,decomposition,structural_break",200.0,0.0,9.0,24.0,,
mcs2024.zip,world,commodities/indiu/mcs2024-indiu_world.csv,decomposition,200,10.0,,5.0,a544921a-f68c-453f-bf10-4e478ca00fbb,a6641cf7-442f-4cef-8795-539384738d94,200.0,2.0,200.0,2.0,200.0,2.0,200.0,descriptive_summary,200.0,0.0,1.0,0.0,,
mcs2024.zip,salient,commodities/galli/mcs2024-galli_salient.csv,decomposition,200,5.0,Year,9.0,6b793fe2-8450-4db8-9c4a-dbdd87ac0264,3fcd912b-741c-43a1-993c-8b45a1b5e601,200.0,8.0,200.0,8.0,200.0,5.0,200.0,"cross_correlation,decomposition,structural_break",200.0,0.0,10.0,27.0,,
mcs2024.zip,world,commodities/galli/mcs2024-galli_world.csv,decomposition,200,7.0,,3.0,1949f632-8b5e-4117-98b3-69a2b7cf0741,b385f2ab-cc3d-47c4-ba87-b973abc638ea,200.0,3.0,200.0,3.0,200.0,3.0,200.0,descriptive_summary,200.0,0.0,1.0,0.0,,
mcs2024.zip,world,commodities/rheni/mcs2024-rheni_world.csv,decomposition,200,10.0,,3.0,e67b1d0a-a0c2-48d2-add2-5b55ff2fee17,c8463671-faf1-4433-82ef-abb29aacf41a,200.0,3.0,200.0,3.0,200.0,3.0,200.0,descriptive_summary,200.0,0.0,1.0,0.0,,
mcs2024.zip,salient,commodities/rheni/mcs2024-rheni_salient.csv,decomposition,200,5.0,Year,8.0,31e809f2-bdd6-4bb1-a57f-cad0d360b685,630163b0-7c3f-4036-b953-3a7207f304cc,200.0,8.0,200.0,8.0,200.0,5.0,200.0,"cross_correlation,decomposition,structural_break",200.0,0.0,9.0,24.0,,
mcs2024.zip,world,commodities/abras/mcs2024-abras_world.csv,decomposition,200,30.0,,2.0,0585178d-2396-481a-b93e-472480afba7c,b118a2ac-334e-45a5-9969-fe6a527163e9,200.0,2.0,200.0,2.0,200.0,2.0,200.0,descriptive_summary,200.0,0.0,1.0,0.0,,
mcs2024.zip,salient,commodities/abras/mcs2024-abras_salient.csv,decomposition,200,5.0,Year,19.0,27ee39da-2cea-4d35-915e-650cd4d6ed8a,3fcad233-baee-4d23-a25f-642283addb33,200.0,19.0,200.0,19.0,200.0,5.0,200.0,"cross_correlation,decomposition,structural_break",200.0,0.0,20.0,57.0,,
mcs2024.zip,salient,commodities/antim/mcs2024-antim_salient.csv,decomposition,200,5.0,Year,14.0,995f848a-7da7-4974-bca6-896b1e0ba883,6740f65e-249f-41a3-8dcc-787ead3fcb1e,200.0,14.0,200.0,14.0,200.0,5.0,200.0,"cross_correlation,decomposition,structural_break",200.0,0.0,15.0,42.0,,
mcs2024.zip,world,commodities/antim/mcs2024-antim_world.csv,decomposition,200,18.0,,3.0,a6ac0747-2a38-4bb5-a86a-cd5cbb2c4cc0,40073eed-ed6f-4258-8088-9a59c92ee608,200.0,3.0,200.0,3.0,200.0,3.0,200.0,descriptive_summary,200.0,0.0,1.0,0.0,,
mcs2024.zip,salient,commodities/alum/mcs2024-alum_salient.csv,decomposition,200,5.0,Year,14.0,12c3092c-7532-4945-8d6e-b3fe632b6329,e63ce2c4-3ae7-4193-92c1-86369418871d,200.0,14.0,200.0,14.0,200.0,5.0,200.0,"cross_correlation,decomposition,structural_break",200.0,0.0,15.0,42.0,,
mcs2024.zip,world,commodities/alum/mcs2024-alum_world.csv,decomposition,200,14.0,,4.0,cf04ec70-fdd5-4e83-805f-2c9aaadf692e,84f479bd-33f7-4393-bbba-a42c3943f0e7,200.0,4.0,200.0,4.0,200.0,4.0,200.0,descriptive_summary,200.0,0.0,1.0,0.0,,
mcs2024.zip,world,commodities/diato/mcs2024-diato_world.csv,decomposition,200,16.0,,4.0,af5862af-c45f-427a-ab4f-6d7935eecc95,8d7dbc20-8b1f-495b-868a-dbce5ca4bd89,200.0,3.0,200.0,3.0,200.0,3.0,200.0,descriptive_summary,200.0,0.0,1.0,0.0,,
mcs2024.zip,salient,commodities/diato/mcs2024-diato_salient.csv,decomposition,200,5.0,Year,6.0,7b4dcec4-c21f-4eb6-b371-b2e50bd42499,cfafe332-53a2-4d46-b086-623ed929482d,200.0,6.0,200.0,6.0,200.0,5.0,200.0,"cross_correlation,decomposition,structural_break",200.0,0.0,7.0,18.0,,
mcs2024.zip,salient,commodities/gemst/mcs2024-gemst_salient.csv,decomposition,200,5.0,Year,7.0,aad97acb-155e-4832-9698-9bfb947ba0a9,a50be261-2f14-4414-8e03-7438801121df,200.0,7.0,200.0,7.0,200.0,5.0,200.0,"cross_correlation,decomposition,structural_break",200.0,0.0,8.0,21.0,,
mcs2024.zip,world,commodities/gemst/mcs2024-gemst_world.csv,decomposition,200,16.0,,5.0,1504457c-1649-40a8-aab1-a4eb2fd0f9f8,27d75b8c-ad3a-4392-b098-33744b2589cf,200.0,2.0,200.0,2.0,200.0,2.0,200.0,descriptive_summary,200.0,0.0,1.0,0.0,,
mcs2024.zip,salient,commodities/thall/mcs2024-thall_salient.csv,decomposition,200,5.0,Year,10.0,6b63d102-0c08-4326-90e2-51f099815dcb,35e25a64-4f43-40d5-a886-213f957d3fee,200.0,9.0,200.0,9.0,200.0,5.0,200.0,"cross_correlation,decomposition,structural_break",200.0,0.0,11.0,30.0,,
mcs2024.zip,salient,commodities/cadmi/mcs2024-cadmi_salient.csv,decomposition,200,5.0,Year,12.0,7b85f7e3-0ee6-4216-965c-2bff32f2e9dd,e2f5a472-5f6f-4c6c-9b2a-827eafb2f746,200.0,12.0,200.0,12.0,200.0,5.0,200.0,"cross_correlation,decomposition,structural_break",200.0,0.0,13.0,36.0,,
mcs2024.zip,world,commodities/cadmi/mcs2024-cadmi_world.csv,decomposition,200,17.0,,4.0,63b4a41e-f1f6-4310-8a0b-70999ed6a644,db0c434d-85f4-4c8e-9898-6616561e2e23,200.0,2.0,200.0,2.0,200.0,2.0,200.0,descriptive_summary,200.0,0.0,1.0,0.0,,
mcs2024.zip,world,commodities/zinc/mcs2024-zinc_world.csv,decomposition,200,13.0,,3.0,74194104-5156-46d8-83d6-cb55a36aac5f,1b2ad298-9e4b-439a-83c8-3f75b289fcaa,200.0,3.0,200.0,3.0,200.0,3.0,200.0,descriptive_summary,200.0,0.0,1.0,0.0,,
mcs2024.zip,salient,commodities/zinc/mcs2024-zinc_salient.csv,decomposition,200,5.0,Year,14.0,811d6cc0-dc67-4246-900d-d00042800ba8,c1571ad4-239a-4cb3-9eb1-c4b9917349e5,200.0,14.0,200.0,14.0,200.0,5.0,200.0,"cross_correlation,decomposition,structural_break",200.0,0.0,15.0,42.0,,
mcs2024.zip,salient,commodities/fescr/mcs2024-fescr_salient.csv,decomposition,200,5.0,Year,9.0,c123cb71-d1bc-4861-b7f1-20111be51b5d,43934901-5934-40d1-a9e3-b67b7ed82176,200.0,9.0,200.0,9.0,200.0,5.0,200.0,"cross_correlation,decomposition,structural_break",200.0,0.0,10.0,27.0,,
mcs2024.zip,world,commodities/boron/mcs2024-boron_world.csv,decomposition,200,10.0,,3.0,2a79781d-a7ae-49db-b394-1258ed3af88a,cd0f62ec-b8a3-498b-8b51-438200fa1e04,200.0,3.0,200.0,3.0,200.0,3.0,200.0,descriptive_summary,200.0,0.0,1.0,0.0,,
mcs2024.zip,salient,commodities/boron/mcs2024-boron_salient.csv,decomposition,200,5.0,Year,8.0,d76026ba-245c-4c41-a049-f8a5c519876c,c26dd268-e9fe-4893-aaf9-4b47a1f4fc86,200.0,8.0,200.0,8.0,200.0,5.0,200.0,"cross_correlation,decomposition,structural_break",200.0,0.0,9.0,24.0,,
mcs2024.zip,salient,commodities/chrom/mcs2024-chrom_salient.csv,decomposition,200,5.0,Year,12.0,4356c056-f5a1-4980-9866-440cbd2effec,44b74f7b-6d5a-4dc7-be3a-53049c0cbb88,200.0,12.0,200.0,12.0,200.0,5.0,200.0,"cross_correlation,decomposition,structural_break",200.0,0.0,13.0,36.0,,
mcs2024.zip,world,commodities/chrom/mcs2024-chrom_world.csv,decomposition,200,8.0,,3.0,66e96ef8-4802-42ac-bd1d-43fe5e6a4697,9f7579b7-113b-478e-94e8-0b110ecf1207,200.0,3.0,200.0,3.0,200.0,3.0,200.0,descriptive_summary,200.0,0.0,1.0,0.0,,
mcs2024.zip,salient,commodities/fesla/mcs2024-fesla_salient.csv,decomposition,200,5.0,Year,7.0,1737931d-e556-4355-a21f-3da45ce7d777,fd7342cf-8fcc-4745-83a0-e37e7cc7b7c3,200.0,7.0,200.0,7.0,200.0,5.0,200.0,"cross_correlation,decomposition,structural_break",200.0,0.0,8.0,21.0,,
mcs2024.zip,salient,commodities/stonec/mcs2024-stonec_salient.csv,decomposition,200,5.0,Year,7.0,aaf18d94-a55b-455f-a5dc-75fa43bd8800,8b5a0d68-3254-4f43-948f-645ea5d9d9c3,200.0,7.0,200.0,7.0,200.0,5.0,200.0,"cross_correlation,decomposition,structural_break",200.0,0.0,8.0,21.0,,
mcs2024.zip,world,commodities/mica/mcs2024-mica_world.csv,decomposition,200,22.0,,4.0,610bf15c-8a7f-4368-8235-97c3c51618df,971fa0f8-e681-43ff-ac5a-0a123cd522ad,200.0,3.0,200.0,3.0,200.0,3.0,200.0,descriptive_summary,200.0,0.0,1.0,0.0,,
mcs2024.zip,salient,commodities/mica/mcs2024-mica_salient.csv,decomposition,200,5.0,Year,14.0,e92d1159-c246-44d3-94b6-efd58d95ecf8,5986974e-b3bc-43cf-9ecf-02858ddad16f,200.0,14.0,200.0,14.0,200.0,5.0,200.0,"cross_correlation,decomposition,structural_break",200.0,0.0,15.0,42.0,,
mcs2024.zip,salient,commodities/timin/mcs2024-timin_salient.csv,decomposition,200,5.0,Year,10.0,c7f12724-c6d5-4ee1-9172-c7f72abe3905,870f2d09-da8c-41ff-b421-aabd9620a13e,200.0,10.0,200.0,10.0,200.0,5.0,200.0,"cross_correlation,decomposition,structural_break",200.0,0.0,11.0,30.0,,
mcs2024.zip,world,commodities/timin/mcs2024-timin_world.csv,decomposition,200,29.0,,3.0,1bf1f341-f860-4880-a7e2-42dc176f7d78,53835be2-6ba8-4cd8-ab33-97d1af23a36d,200.0,3.0,200.0,3.0,200.0,3.0,200.0,descriptive_summary,200.0,0.0,1.0,0.0,,
mcs2024.zip,world,commodities/sandi/mcs2024-sandi_world.csv,decomposition,200,22.0,,3.0,9d43efa9-8434-4505-a58b-13b4ce1eb131,1c3434e5-5178-47bc-8096-597f88db5d75,200.0,1.0,200.0,1.0,200.0,1.0,200.0,descriptive_summary,200.0,0.0,1.0,0.0,,
mcs2024.zip,salient,commodities/sandi/mcs2024-sandi_salient.csv,decomposition,200,5.0,Year,6.0,329ca45d-b17d-4b26-9bee-5dcfe7f6dc46,ac87237e-daf3-4f21-8946-20ea02b4ce29,200.0,6.0,200.0,6.0,200.0,5.0,200.0,"cross_correlation,decomposition,structural_break",200.0,0.0,7.0,18.0,,
mcs2024.zip,salient,commodities/mercu/mcs2024-mercu_salient.csv,decomposition,200,5.0,Year,6.0,5368dd2a-8410-46bf-b655-23c92b9363f3,9fd92abe-8be7-43b7-998b-6a1556425f45,200.0,3.0,200.0,3.0,200.0,3.0,200.0,"cross_correlation,decomposition,structural_break",200.0,0.0,7.0,18.0,,
mcs2024.zip,world,commodities/mercu/mcs2024-mercu_world.csv,decomposition,200,8.0,,3.0,baf480ba-97de-42c9-aba0-49c545f21f60,6667f4b0-22de-44ca-af2f-08c55e095a4d,200.0,2.0,200.0,2.0,200.0,2.0,200.0,descriptive_summary,200.0,0.0,1.0,0.0,,
mcs2024.zip,salient,commodities/perli/mcs2024-perli_salient.csv,decomposition,200,5.0,Year,8.0,389adba9-951b-4194-aa1f-fc6c1305b170,1f23ac80-456b-4c03-97e9-c94744b25645,200.0,8.0,200.0,8.0,200.0,5.0,200.0,"cross_correlation,decomposition,structural_break",200.0,0.0,9.0,24.0,,
mcs2024.zip,world,commodities/perli/mcs2024-perli_world.csv,decomposition,200,15.0,,4.0,dfdbd221-f66a-4ee8-bac2-fdd23a234841,90c3080a-fe24-46ef-8267-5654261c439d,200.0,3.0,200.0,3.0,200.0,3.0,200.0,descriptive_summary,200.0,0.0,1.0,0.0,,
mcs2024.zip,world,commodities/molyb/mcs2024-molyb_world.csv,decomposition,200,17.0,,3.0,bb86f4a1-0b40-487b-9563-9bffe3a26090,61718285-0522-4d52-a8ea-2fae56efd449,200.0,3.0,200.0,3.0,200.0,3.0,200.0,descriptive_summary,200.0,0.0,1.0,0.0,,
mcs2024.zip,salient,commodities/molyb/mcs2024-molyb_salient.csv,decomposition,200,5.0,Year,8.0,daf90190-3a0b-4dfd-85c2-f14f515538c4,d1cb5241-4c81-4d08-8e22-8aaced50c72d,200.0,8.0,200.0,8.0,200.0,5.0,200.0,"cross_correlation,decomposition,structural_break",200.0,0.0,9.0,24.0,,
mcs2024.zip,world,commodities/plati/mcs2024-plati_world.csv,decomposition,200,14.0,,4.0,c33202ed-d260-4e1d-970f-1009277c7390,7bf01237-19cd-4d4c-ab53-d644c8971a5f,200.0,3.0,200.0,3.0,200.0,3.0,200.0,descriptive_summary,200.0,0.0,1.0,0.0,,
mcs2024.zip,salient,commodities/plati/mcs2024-plati_salient.csv,decomposition,200,5.0,Year,23.0,c9735b31-def7-48d2-bf0c-52ac06af7622,afcf4422-fcd0-4337-9ca3-9cccde2658ec,200.0,23.0,200.0,23.0,200.0,5.0,200.0,"cross_correlation,decomposition,structural_break",200.0,0.0,24.0,69.0,,
mcs2024.zip,world,commodities/garne/mcs2024-garne_world.csv,decomposition,200,8.0,,4.0,27c23ac5-7bb6-4cb2-8a6d-f82585586a34,e3e4ad87-b2c7-445e-a9d4-ce0f3def5a17,200.0,3.0,200.0,3.0,200.0,3.0,200.0,descriptive_summary,200.0,0.0,1.0,0.0,,
mcs2024.zip,salient,commodities/garne/mcs2024-garne_salient.csv,decomposition,200,5.0,Year,8.0,c223c934-e454-4afa-b667-b726552e2230,75e6d3c0-432f-4b1d-b4a6-e0392aaa36fe,200.0,8.0,200.0,8.0,200.0,5.0,200.0,"cross_correlation,decomposition,structural_break",200.0,0.0,9.0,24.0,,
mcs2024.zip,salient,commodities/feore/mcs2024-feore_salient.csv,decomposition,200,5.0,Year,10.0,bdb791a6-eb94-433a-bd3d-49bb8d2bbd34,cd1fe1ed-b85e-42a1-9c64-234c4a5131e0,200.0,10.0,200.0,10.0,200.0,5.0,200.0,"cross_correlation,decomposition,structural_break",200.0,0.0,11.0,30.0,,
mcs2024.zip,world,commodities/feore/mcs2024-feore_world.csv,decomposition,200,38.0,,4.0,474b74c3-ed8e-4c56-b495-a620458a5f36,f2e81d3a-37de-4dc9-9398-776513e31404,200.0,3.0,200.0,3.0,200.0,3.0,200.0,descriptive_summary,200.0,0.0,1.0,0.0,,
mcs2024.zip,salient,commodities/lithi/mcs2024-lithi_salient.csv,decomposition,200,5.0,Year,5.0,5b791e9d-bacd-407c-809f-9b0118b74fbf,625909fc-2a92-4e62-9f5d-18eaaa47742e,200.0,5.0,200.0,5.0,200.0,5.0,200.0,"cross_correlation,decomposition,structural_break",200.0,0.0,6.0,15.0,,
mcs2024.zip,world,commodities/lithi/mcs2024-lithi_world.csv,decomposition,200,11.0,,3.0,75c30625-39e3-4ab8-b868-4a88d6a1649f,51fb1aeb-32db-4939-bcfd-54588457886b,200.0,3.0,200.0,3.0,200.0,3.0,200.0,descriptive_summary,200.0,0.0,1.0,0.0,,
mcs2024.zip,salient,commodities/lime/mcs2024-lime_salient.csv,decomposition,200,5.0,Year,6.0,6ad14b04-cc3e-4ade-87b7-8df766cf715e,cfdb06d3-8836-4bdb-86b4-1ae26ee44ef5,200.0,6.0,200.0,6.0,200.0,5.0,200.0,"cross_correlation,decomposition,structural_break",200.0,0.0,7.0,18.0,,
mcs2024.zip,world,commodities/lime/mcs2024-lime_world.csv,decomposition,200,26.0,,4.0,82f0f3cd-a355-4485-97c8-cbe9b05b2d75,5186bf3e-6e6d-451d-a7f2-d8078d8b6bce,200.0,2.0,200.0,2.0,200.0,2.0,200.0,descriptive_summary,200.0,0.0,1.0,0.0,,
mcs2024.zip,world,commodities/bauxi/mcs2024-bauxi_world.csv,decomposition,200,44.0,,2.0,6e906f54-1cc1-4974-bc89-211087d2c08c,55cf3e6e-ba00-4c70-835c-7c3832878e02,200.0,2.0,200.0,2.0,200.0,2.0,200.0,descriptive_summary,200.0,0.0,1.0,0.0,,
mcs2024.zip,salient,commodities/bauxi/mcs2024-bauxi_salient.csv,decomposition,200,5.0,Year,13.0,cb9624b3-d846-4ba0-965c-482b8770cfe4,aa50287d-6660-428c-96cf-84786a843857,200.0,13.0,200.0,13.0,200.0,5.0,200.0,"cross_correlation,decomposition,structural_break",200.0,0.0,14.0,39.0,,
mcs2024.zip,world,commodities/sulfu/mcs2024-sulfu_world.csv,decomposition,200,21.0,,4.0,061ab833-4e25-4de7-abee-ef18f36bedc8,c6f1f251-1ca3-45ab-8433-3f927363918f,200.0,2.0,200.0,2.0,200.0,2.0,200.0,descriptive_summary,200.0,0.0,1.0,0.0,,
mcs2024.zip,salient,commodities/sulfu/mcs2024-sulfu_salient.csv,decomposition,200,5.0,Year,13.0,2ad1d879-5270-4a0f-bc66-f6f4fdb225a6,23370053-c40f-4b3f-8e48-176948f5028c,200.0,13.0,200.0,13.0,200.0,5.0,200.0,"cross_correlation,decomposition,structural_break",200.0,0.0,14.0,39.0,,
mcs2024.zip,world,commodities/vermi/mcs2024-vermi_world.csv,decomposition,200,13.0,,4.0,e9776466-b594-4437-9c57-960ed7a0bac3,01c299f4-9d0e-4d53-a8ad-a61e367d8cc9,200.0,4.0,200.0,4.0,200.0,4.0,200.0,descriptive_summary,200.0,0.0,1.0,0.0,,
mcs2024.zip,salient,commodities/vermi/mcs2024-vermi_salient.csv,decomposition,200,5.0,Year,8.0,dd15de76-3f8c-4754-8f3c-055ec305f7ca,896cd3e6-92e2-4cc9-952e-5f547639b5e7,200.0,7.0,200.0,7.0,200.0,5.0,200.0,"cross_correlation,decomposition,structural_break",200.0,0.0,9.0,24.0,,
mcs2024.zip,salient,commodities/talc/mcs2024-talc_salient.csv,decomposition,200,5.0,Year,9.0,07546e10-bcb9-4337-ad07-23e15d8c2647,1e43fd27-3a08-4574-8d81-38cc6a36f6e6,200.0,9.0,200.0,9.0,200.0,5.0,200.0,"cross_correlation,decomposition,structural_break",200.0,0.0,10.0,27.0,,
mcs2024.zip,world,commodities/talc/mcs2024-talc_world.csv,decomposition,200,16.0,,3.0,28948cb4-4cde-470e-883f-15fe22e83a3b,48ea7f76-bb08-47ac-b80c-481e73ec9277,200.0,3.0,200.0,3.0,200.0,3.0,200.0,descriptive_summary,200.0,0.0,1.0,0.0,,
mcs2024.zip,world,commodities/tellu/mcs2024-tellu_world.csv,decomposition,200,11.0,,4.0,1b773d32-f498-4902-adc9-ab17b4e24d41,dabbf793-9c20-4cee-b3d7-943257ca9643,200.0,3.0,200.0,3.0,200.0,3.0,200.0,descriptive_summary,200.0,0.0,1.0,0.0,,
mcs2024.zip,salient,commodities/tellu/mcs2024-tellu_salient.csv,decomposition,200,5.0,Year,5.0,cb28d6ba-659a-462a-a72f-919dd9118e29,211b8134-6e5a-4f8e-bd4a-099adc511801,200.0,5.0,200.0,5.0,200.0,5.0,200.0,"cross_correlation,decomposition,structural_break",200.0,0.0,6.0,15.0,,
mcs2024.zip,world,commodities/barit/mcs2024-barit_world.csv,decomposition,200,12.0,,5.0,3c6c99f1-3bd4-428d-abac-9e8bcabb1bcd,81e2476f-aed5-48ea-8ab0-0dfad9cc71ca,200.0,4.0,200.0,4.0,200.0,4.0,200.0,descriptive_summary,200.0,0.0,1.0,0.0,,
mcs2024.zip,salient,commodities/barit/mcs2024-barit_salient.csv,decomposition,200,5.0,Year,7.0,6ec051a5-43d7-4aa3-81a1-b35081b9bb70,9b001413-ac45-48d9-8917-c62395dd79f3,200.0,7.0,200.0,7.0,200.0,5.0,200.0,"cross_correlation,decomposition,structural_break",200.0,0.0,8.0,21.0,,
mcs2024.zip,salient,commodities/bismu/mcs2024-bismu_salient.csv,decomposition,200,5.0,Year,11.0,f17f49ce-cf2c-4020-a02c-a3763b6281a5,0f543090-5d92-4e1b-b2f1-2df91bd7bdb4,200.0,11.0,200.0,11.0,200.0,5.0,200.0,"cross_correlation,decomposition,structural_break",200.0,0.0,12.0,33.0,,
mcs2024.zip,world,commodities/bismu/mcs2024-bismu_world.csv,decomposition,200,9.0,,4.0,87e462cb-a92a-4f71-ba86-9f21d8a9e23d,ecb29a29-8e14-498f-8225-27c3d23a5454,200.0,2.0,200.0,2.0,200.0,2.0,200.0,descriptive_summary,200.0,0.0,1.0,0.0,,
mcs2024.zip,salient,commodities/gold/mcs2024-gold_salient.csv,decomposition,200,5.0,Year,9.0,f9b16899-457c-4d7b-8bbc-0dbffad9981b,68c53845-37e2-4c20-a471-e86340eaab57,200.0,9.0,200.0,9.0,200.0,5.0,200.0,"cross_correlation,decomposition,structural_break",200.0,0.0,10.0,27.0,,
mcs2024.zip,world,commodities/gold/mcs2024-gold_world.csv,decomposition,200,18.0,,3.0,655901f2-2bdf-4883-a82e-0778be206213,1427d8de-e008-406a-9596-d6d450dc26d7,200.0,3.0,200.0,3.0,200.0,3.0,200.0,descriptive_summary,200.0,0.0,1.0,0.0,,
mcs2024.zip,world,commodities/germa/mcs2024-germa_world.csv,decomposition,200,8.0,,2.0,5f67592b-4da9-40c0-9e1e-be36190fbbbe,c180e4ae-fda3-4065-8786-0b9f13972c4f,200.0,0.0,200.0,0.0,204.0,0.0,200.0,descriptive_summary,200.0,0.0,1.0,0.0,,
mcs2024.zip,salient,commodities/germa/mcs2024-germa_salient.csv,decomposition,200,5.0,Year,13.0,65207555-b80f-4390-9be1-2e16fcc68ea6,fecdd9b3-ea2b-4458-88e5-ddfdd335312d,200.0,10.0,200.0,10.0,200.0,5.0,200.0,"cross_correlation,decomposition,structural_break",200.0,0.0,14.0,39.0,,
mcs2024.zip,salient,commodities/nitro/mcs2024-nitro_salient.csv,decomposition,200,5.0,Year,8.0,a6663403-461d-442c-bd5a-50dd794de1d4,1b5647b5-3459-4d16-87b2-0138513904fe,200.0,8.0,200.0,8.0,200.0,5.0,200.0,"cross_correlation,decomposition,structural_break",200.0,0.0,9.0,24.0,,
mcs2024.zip,world,commodities/nitro/mcs2024-nitro_world.csv,decomposition,200,24.0,,5.0,f946b118-57a5-4066-a01d-5cc63a213355,5a22d849-6857-4f63-a062-1e2ebd2f6768,200.0,2.0,200.0,2.0,200.0,2.0,200.0,descriptive_summary,200.0,0.0,1.0,0.0,,
mcs2024.zip,salient,commodities/clays/mcs2024-clays_salient.csv,decomposition,200,5.0,Year,28.0,b89b2e17-0ed9-46e8-aad4-77e153cab91e,54c88f6a-513d-4933-aece-f9482daf4c37,200.0,28.0,200.0,28.0,200.0,5.0,200.0,"cross_correlation,decomposition,structural_break",200.0,0.0,29.0,84.0,,
mcs2024.zip,world,commodities/clays/mcs2024-clays_world.csv,decomposition,200,37.0,,4.0,b496f715-8936-4109-b53e-ab956266501a,201f1923-e662-46cf-92df-06d9fd128865,200.0,2.0,200.0,2.0,200.0,2.0,200.0,descriptive_summary,200.0,0.0,1.0,0.0,,
mcs2024.zip,salient,commodities/scand/mcs2024-scand_salient.csv,decomposition,200,5.0,Year,10.0,8242adf2-b21b-43d8-87dc-e82a8449b31d,b26db33f-9db8-4c3e-9abb-47925aebc029,200.0,10.0,200.0,10.0,200.0,5.0,200.0,"cross_correlation,decomposition,structural_break",200.0,0.0,11.0,30.0,,
mcs2024.zip,salient,commodities/peat/mcs2024-peat_salient.csv,decomposition,200,5.0,Year,9.0,a2002d77-ef96-48dc-b1ad-39b988a5580c,625896e0-0bd7-4b02-af9c-34bc195ed92d,200.0,9.0,200.0,9.0,200.0,5.0,200.0,"cross_correlation,decomposition,structural_break",200.0,0.0,10.0,27.0,,
mcs2024.zip,world,commodities/peat/mcs2024-peat_world.csv,decomposition,200,14.0,,3.0,c43cf362-6c01-4fc8-95a8-6ac43cf246ee,421ac91b-2b6c-41ab-a86c-e574beda2c76,200.0,3.0,200.0,3.0,200.0,3.0,200.0,descriptive_summary,200.0,0.0,1.0,0.0,,
mcs2024.zip,world,commodities/nicke/mcs2024-nicke_world.csv,decomposition,200,11.0,,3.0,b3e85dc6-eeb7-4d34-8b32-f6e4e5b98c58,b71bd7a0-8afd-4c3f-8adf-6d625cd45159,200.0,3.0,200.0,3.0,200.0,3.0,200.0,descriptive_summary,200.0,0.0,1.0,0.0,,
mcs2024.zip,salient,commodities/nicke/mcs2024-nicke_salient.csv,decomposition,200,5.0,Year,16.0,82a362c5-9785-4da2-be71-fac80d7ba047,3e7ceb2d-5ed1-4a2c-b8cf-b4d63a4505c9,200.0,16.0,200.0,16.0,200.0,5.0,200.0,"cross_correlation,decomposition,structural_break",200.0,0.0,17.0,48.0,,
mcs2024.zip,world,commodities/kyani/mcs2024-kyani_world.csv,decomposition,200,7.0,,3.0,52fc03b4-389d-47ad-aea2-cd38419517b6,b4f24772-9dfa-4de2-a77b-1db2c6135e42,200.0,3.0,200.0,3.0,200.0,3.0,200.0,descriptive_summary,200.0,0.0,1.0,0.0,,
mcs2024.zip,salient,commodities/kyani/mcs2024-kyani_salient.csv,decomposition,200,7.0,,3.0,e401bc3b-edf0-43a5-986b-4e2d8d523d01,a080c343-1eea-4e8e-9099-db83baeaa0eb,200.0,3.0,200.0,3.0,200.0,3.0,200.0,descriptive_summary,200.0,0.0,1.0,0.0,,
mcs2024.zip,salient,commodities/manga/mcs2024-manga_salient.csv,decomposition,200,5.0,Year,18.0,8483f037-1967-4451-9a02-61a61b7dc126,5cff8637-55eb-401f-882b-a297a8c42ac1,200.0,18.0,200.0,18.0,200.0,5.0,200.0,"cross_correlation,decomposition,structural_break",200.0,0.0,19.0,54.0,,
mcs2024.zip,world,commodities/manga/mcs2024-manga_world.csv,decomposition,200,18.0,,4.0,dbf143c3-ea10-4a9c-bc60-57c9eaa1d786,20731c42-a2de-4d1f-b869-6074a865e3e8,200.0,3.0,200.0,3.0,200.0,3.0,200.0,descriptive_summary,200.0,0.0,1.0,0.0,,
mcs2024.zip,salient,commodities/yttri/mcs2024-yttri_salient.csv,decomposition,200,5.0,Year,7.0,7e06fba7-21d7-48e2-bf88-2f4a531a22fb,24512e5a-9a4d-4fc2-873b-85d43003a912,200.0,6.0,200.0,6.0,200.0,5.0,200.0,"cross_correlation,decomposition,structural_break",200.0,0.0,8.0,21.0,,
mcs2024.zip,world,commodities/titan/mcs2024-titan_world.csv,decomposition,200,15.0,,4.0,02c1de0e-d8c1-4603-85d3-a4763a4ed166,bb9c1364-c3ff-443b-ac0a-bbceee759ec1,200.0,4.0,200.0,4.0,200.0,4.0,200.0,descriptive_summary,200.0,0.0,1.0,0.0,,
mcs2024.zip,salient,commodities/titan/mcs2024-titan_salient.csv,decomposition,200,5.0,Year,11.0,e5247946-4152-4cd5-9939-9c243109bca0,80e1caad-8ddd-4efc-a3ba-6d8fdbbabd6a,200.0,11.0,200.0,11.0,200.0,5.0,200.0,"cross_correlation,decomposition,structural_break",200.0,0.0,12.0,33.0,,
mcs2024.zip,salient,commodities/tungs/mcs2024-tungs_salient.csv,decomposition,200,5.0,Year,9.0,1ea96662-d4ff-4e74-93a3-86eb8581cf86,d2247afe-5ba3-463d-a9f6-34bd491535a5,200.0,9.0,200.0,9.0,200.0,5.0,200.0,"cross_correlation,decomposition,structural_break",200.0,0.0,10.0,27.0,,
mcs2024.zip,world,commodities/tungs/mcs2024-tungs_world.csv,decomposition,200,13.0,,4.0,1e4fb5fd-71a1-4569-aea4-8c01a1fcd143,ca20ea50-62ae-4725-9c7d-fe6f93fb6600,200.0,3.0,200.0,3.0,200.0,3.0,200.0,descriptive_summary,200.0,0.0,1.0,0.0,,
mcs2024.zip,world,commodities/asbes/mcs2024-asbes_world.csv,decomposition,200,6.0,,3.0,1540ddbe-5ed6-4fe0-86db-6fef8f4593bb,5ea6c044-1bee-4e99-a643-791ece95e88a,200.0,3.0,200.0,3.0,200.0,3.0,200.0,descriptive_summary,200.0,0.0,1.0,0.0,,
mcs2024.zip,salient,commodities/asbes/mcs2024-asbes_salient.csv,decomposition,200,5.0,Year,5.0,78422479-ae41-44b9-92a4-2f9d37b0c9b3,184d0e35-3862-425a-b124-343292b9ebba,200.0,5.0,200.0,5.0,200.0,5.0,200.0,"cross_correlation,decomposition,structural_break",200.0,0.0,6.0,15.0,,
mcs2024.zip,salient,commodities/iodin/mcs2024-iodin_salient.csv,decomposition,200,5.0,Year,6.0,fed2c8a9-a00e-4d25-8e65-609fee904996,98860023-063c-452d-a197-373c24196c3f,200.0,6.0,200.0,6.0,200.0,5.0,200.0,"cross_correlation,decomposition,structural_break",200.0,0.0,7.0,18.0,,
mcs2024.zip,world,commodities/iodin/mcs2024-iodin_world.csv,decomposition,200,9.0,,3.0,36d6f842-e685-434b-9754-4bda70e468cd,848079bd-ae49-477e-9786-1421976b142f,200.0,3.0,200.0,3.0,200.0,3.0,200.0,descriptive_summary,200.0,0.0,1.0,0.0,,
mcs2024.zip,salient,commodities/unknown/mcs2023-feore_salient.csv,decomposition,200,5.0,Year,10.0,ec07cf6a-959f-468f-9c98-1917101439ae,dac48d9e-6ba3-41eb-9348-a22bbed32214,200.0,10.0,200.0,10.0,200.0,5.0,200.0,"cross_correlation,decomposition,structural_break",200.0,0.0,11.0,30.0,,
mcs2024.zip,salient,commodities/unknown/MCS2025_T5_Critical_Minerals_Salient.csv,decomposition,200,31.0,Year,7.0,894dc020-76c8-4671-be37-915a79a7ba04,8697bbfc-fb6a-4a58-9a45-559d129dda6d,200.0,7.0,200.0,7.0,200.0,5.0,200.0,"cross_correlation,decomposition,structural_break",200.0,0.0,8.0,21.0,,
mcs2024.zip,trends_figures,commodities/unknown/MCS2025_Fig12_Pch_Consump_2020_2024.csv,decomposition,200,75.0,,2.0,8294b717-047b-4772-b380-a7a7de2f3277,544914f7-6270-4ebb-af84-c8efa4103fe4,200.0,2.0,200.0,2.0,200.0,2.0,200.0,descriptive_summary,200.0,0.0,1.0,0.0,,
mcs2024.zip,trends_figures,commodities/unknown/MCS2025_Fig10_Price_Growth_Rates.csv,decomposition,200,40.0,,2.0,48d87a0f-c250-4657-8656-8b785e97a3f1,88a71e7b-b26d-4fe8-a6c7-f6521e51795b,200.0,2.0,200.0,2.0,200.0,2.0,200.0,descriptive_summary,200.0,0.0,1.0,0.0,,
mcs2024.zip,salient,commodities/unknown/mcs2023-fescr_salient.csv,decomposition,200,5.0,Year,9.0,fc34bef1-6151-4385-b6d9-d234b028eb7a,267d8800-10a8-46de-810b-009aa31307e4,200.0,9.0,200.0,9.0,200.0,5.0,200.0,"cross_correlation,decomposition,structural_break",200.0,0.0,10.0,27.0,,
mcs2024.zip,salient,commodities/unknown/mcs2023-feste_salient.csv,decomposition,200,5.0,Year,18.0,364d28f9-8c08-4522-949d-c77628deac15,454e8fcf-e186-4973-b0a1-f42d6636b28a,200.0,18.0,200.0,18.0,200.0,5.0,200.0,"cross_correlation,decomposition,structural_break",200.0,0.0,19.0,54.0,,
mcs2024.zip,other,commodities/unknown/MCS2025_T4_Critical_Minerals_End_Use.csv,decomposition,200,50.0,,0.0,15e2de9d-8684-4007-afa6-77599ea44a2b,dba75243-db63-413e-aa2e-8190459d7928,200.0,0.0,200.0,0.0,204.0,0.0,200.0,descriptive_summary,200.0,0.0,1.0,0.0,,
mcs2024.zip,trends_figures,commodities/unknown/MCS2025_T1_Mineral_Industry_Trends.csv,decomposition,200,5.0,Year,12.0,0f4f806d-3f79-4ba8-9c70-5ec2f5e335d1,932c2a0c-2c1d-438a-a56a-e2c1a61177eb,200.0,12.0,200.0,12.0,200.0,5.0,200.0,"cross_correlation,decomposition,structural_break",200.0,0.0,13.0,36.0,,
mcs2024.zip,trends_figures,commodities/unknown/MCS2025_Fig13_Scrap.csv,decomposition,200,15.0,,4.0,f800f533-b8d7-4581-b3b4-90a7c9f8c25b,7728efca-f349-435f-b72f-f11f1e4f04e0,200.0,4.0,200.0,4.0,200.0,4.0,200.0,descriptive_summary,200.0,0.0,1.0,0.0,,
mcs2024.zip,salient,commodities/unknown/mcs2023-fesla_salient.csv,decomposition,200,5.0,Year,6.0,ab4714f3-8375-4f41-b963-1c60a40e18f4,d1fd5b24-1755-4883-9ab8-c7e31a047e53,200.0,6.0,200.0,6.0,200.0,5.0,200.0,"cross_correlation,decomposition,structural_break",200.0,0.0,7.0,18.0,,
mcs2024.zip,trends_figures,commodities/unknown/MCS2025_Fig4_Value_by_Type.csv,decomposition,200,4.0,year,1.0,ca2ef2df-769e-4f35-a02b-0a93fccdea54,b0139589-d9aa-4c92-b836-2ba8737013af,200.0,1.0,200.0,1.0,200.0,1.0,200.0,"decomposition,structural_break",200.0,0.0,2.0,3.0,,
mcs2024.zip,trends_figures,commodities/unknown/MCS2025_Fig11_Pch_Consump_2023_2024.csv,decomposition,200,78.0,,2.0,c3e9ae38-f28f-4f80-a9ff-4632b5a1de4f,fdd46d8b-dbe5-45f6-ba32-2bd67eac24f4,200.0,2.0,200.0,2.0,200.0,2.0,200.0,descriptive_summary,200.0,0.0,1.0,0.0,,
mcs2024.zip,trends_figures,commodities/unknown/MCS2025_Fig2_Net_Import_Reliance.csv,decomposition,200,64.0,,2.0,734f07e9-c2bc-4574-8324-a632c4f10a40,d3f40b71-24be-4f09-9b28-74c2691f4d8d,200.0,2.0,200.0,2.0,200.0,2.0,200.0,descriptive_summary,200.0,0.0,1.0,0.0,,
mcs2024.zip,other,commodities/unknown/MCS2025_T3_State_Value_Rank.csv,decomposition,200,51.0,Year,3.0,1d7faa87-f326-491c-a5d6-6a243bb48914,eb11c090-8dc3-4dc0-bcc6-0944f70663ba,200.0,3.0,200.0,3.0,200.0,3.0,200.0,"cross_correlation,decomposition,structural_break",200.0,0.0,4.0,9.0,,
mcs2024.zip,trends_figures,commodities/unknown/MCS2025_Fig3_Major_Import_Sources.csv,decomposition,200,43.0,,1.0,95a9512b-d2fc-40a5-bdb8-795955d08252,e17463f8-81dd-4159-8167-3c567b89946a,200.0,1.0,200.0,1.0,200.0,1.0,200.0,descriptive_summary,200.0,0.0,1.0,0.0,,
mcs2024.zip,trends_figures,commodities/unknown/MCS2025_Fig1_Minerals_in_Economy.csv,decomposition,200,14.0,Year,1.0,ff1baf34-a283-4d0b-b4f3-5395cd55e260,3003071e-5d8f-425a-b60a-f2ab5ac43612,200.0,1.0,200.0,1.0,200.0,1.0,200.0,"decomposition,structural_break",200.0,0.0,2.0,3.0,,
mcs2024.zip,world,commodities/unknown/mcs2023-feore_world.csv,decomposition,200,38.0,,4.0,c94dc7d2-3900-4345-89af-dde79aee9a5a,ddf38b88-d684-4516-bb7f-e9f13cd4ab49,200.0,3.0,200.0,3.0,200.0,3.0,200.0,descriptive_summary,200.0,0.0,1.0,0.0,,
mcs2024.zip,trends_figures,commodities/unknown/MCS2025_T2_Mineral_Economic_Trends.csv,decomposition,200,5.0,Year,21.0,18cde9b0-4e59-4df8-9ac7-4096aab69486,9fc4ac13-bfc5-424f-b255-94a991d1f90f,200.0,21.0,200.0,21.0,200.0,5.0,200.0,"cross_correlation,decomposition,structural_break",200.0,0.0,22.0,63.0,,
mcs2024.zip,world,commodities/unknown/mcs2023-feste_world.csv,decomposition,200,34.0,,3.0,ece766c2-7e9f-4f65-93b3-8cf5a1382e44,49ecada7-07cf-4deb-aa46-3b56b1f1e8dc,200.0,2.0,200.0,2.0,200.0,2.0,200.0,descriptive_summary,200.0,0.0,1.0,0.0,,
mcs2024.zip,salient,commodities/stron/mcs2024-stron_salient.csv,decomposition,200,5.0,Year,9.0,3f0fe079-830b-41ab-b778-511fdd54e538,bbca71a4-035c-4da2-9c52-5f6077f26fc0,200.0,9.0,200.0,9.0,200.0,5.0,200.0,"cross_correlation,decomposition,structural_break",200.0,0.0,10.0,27.0,,
mcs2024.zip,world,commodities/stron/mcs2024-stron_world.csv,decomposition,200,7.0,,2.0,ebb77504-fa98-4e58-87c2-57fa879d08e0,2ba6907c-e35b-4812-a1b0-76c8c2989262,200.0,2.0,200.0,2.0,200.0,2.0,200.0,descriptive_summary,200.0,0.0,1.0,0.0,,
mcs2024.zip,salient,commodities/bromi/mcs2024-bromi_salient.csv,decomposition,200,5.0,Year,4.0,413994f3-5a9d-4032-a274-2a81f9d99ee7,2d6fa87e-852c-4154-8a89-fb369177ba13,200.0,4.0,200.0,4.0,200.0,4.0,200.0,"cross_correlation,decomposition,structural_break",200.0,0.0,5.0,12.0,,
mcs2024.zip,world,commodities/bromi/mcs2024-bromi_world.csv,decomposition,200,9.0,,3.0,83c4e4c5-8934-4bee-a4e1-e4456cce6487,36b70c67-0bef-4f18-b135-0eec88ecb29f,200.0,3.0,200.0,3.0,200.0,3.0,200.0,descriptive_summary,200.0,0.0,1.0,0.0,,
mcs2024.zip,salient,commodities/niobi/mcs2024-niobi_salient.csv,decomposition,200,5.0,Year,7.0,e50b19c1-e3a9-4f8b-b421-f71fb72f56ae,9148b24a-3528-4552-a7fd-a1f22c7ee127,200.0,7.0,200.0,7.0,200.0,5.0,200.0,"cross_correlation,decomposition,structural_break",200.0,0.0,8.0,21.0,,
mcs2024.zip,world,commodities/niobi/mcs2024-niobi_world.csv,decomposition,200,8.0,,5.0,f9e4b9a1-1a64-42cb-a280-d8541d078c8e,b1b18582-b88c-4800-8d61-2dd69503777e,200.0,4.0,200.0,4.0,200.0,4.0,200.0,descriptive_summary,200.0,0.0,1.0,0.0,,
mcs2024.zip,salient,commodities/raree/mcs2024-raree_salient.csv,decomposition,200,5.0,Year,18.0,e8355b2d-c952-4715-8f72-4e303159dde9,76480468-d216-4dbb-8b18-40f5e781e6b2,200.0,18.0,200.0,18.0,200.0,5.0,200.0,"cross_correlation,decomposition,structural_break",200.0,0.0,19.0,54.0,,
mcs2024.zip,world,commodities/raree/mcs2024-raree_world.csv,decomposition,200,16.0,,3.0,b6774148-d939-4b26-954a-a847943df848,dc7e4727-588c-4d4d-9362-386eb0b2c747,200.0,3.0,200.0,3.0,200.0,3.0,200.0,descriptive_summary,200.0,0.0,1.0,0.0,,
mcs2024.zip,world,commodities/sodaa/mcs2024-sodaa_world.csv,decomposition,200,9.0,,3.0,0b3b9744-7383-44fa-ad16-ab5582c285ba,7953bfab-be17-4ce9-b4d1-56f7fa373ff1,200.0,3.0,200.0,3.0,200.0,3.0,200.0,descriptive_summary,200.0,0.0,1.0,0.0,,
mcs2024.zip,salient,commodities/sodaa/mcs2024-sodaa_salient.csv,decomposition,200,5.0,Year,9.0,9cf336ec-62ec-4c22-81a1-8f88f9108f85,5f55f23c-996f-49fe-810a-4784fb47dc17,200.0,9.0,200.0,9.0,200.0,5.0,200.0,"cross_correlation,decomposition,structural_break",200.0,0.0,10.0,27.0,,
mcs2024.zip,salient,commodities/silve/mcs2024-silve_salient.csv,decomposition,200,5.0,Year,12.0,6b3b8643-18ac-4905-a84e-e8a3d928b742,c692dbad-5b36-4fe8-9d96-d37609eba4e2,200.0,12.0,200.0,12.0,200.0,5.0,200.0,"cross_correlation,decomposition,structural_break",200.0,0.0,13.0,36.0,,
mcs2024.zip,world,commodities/silve/mcs2024-silve_world.csv,decomposition,200,14.0,,4.0,d14d52f4-5fcb-420b-b47a-070ed9ed7416,27ca0e5f-68d4-49dd-b83f-f06b5991c7ad,200.0,3.0,200.0,3.0,200.0,3.0,200.0,descriptive_summary,200.0,0.0,1.0,0.0,,
mcs2024.zip,world,commodities/phosp/mcs2024-phosp_world.csv,decomposition,200,26.0,,3.0,89d6aa0c-47e2-49bd-8411-e3efdd0e331f,2adb6338-b207-4e69-a18b-93fc88fd0f8f,200.0,3.0,200.0,3.0,200.0,3.0,200.0,descriptive_summary,200.0,0.0,1.0,0.0,,
mcs2024.zip,salient,commodities/phosp/mcs2024-phosp_salient.csv,decomposition,200,5.0,Year,8.0,01c61f86-2900-45eb-9e8f-f3c385e71451,89576dbc-92ae-4f5c-8f02-f5a4ed14f084,200.0,8.0,200.0,8.0,200.0,5.0,200.0,"cross_correlation,decomposition,structural_break",200.0,0.0,9.0,24.0,,
mcs2024.zip,world,commodities/wolla/mcs2024-wolla_world.csv,decomposition,200,7.0,,4.0,323a312c-e05f-4b29-b68e-412766a1d1b4,6c54a730-56eb-49c7-b61b-c3ea421ee16f,200.0,2.0,200.0,2.0,200.0,2.0,200.0,descriptive_summary,200.0,0.0,1.0,0.0,,
mcs2025.zip,salient,commodities/timin/mcs2025-timin_salient.csv,decomposition,200,5.0,Year,10.0,5853f6a5-2163-4e28-9398-dfdd307cc180,395bb360-4ad9-4b0d-9813-1cc5bec11548,200.0,10.0,200.0,10.0,200.0,5.0,200.0,"cross_correlation,decomposition,structural_break",200.0,0.0,11.0,30.0,,
mcs2025.zip,salient,commodities/sandc/mcs2025-sandc_salient.csv,decomposition,200,5.0,Year,7.0,80d43217-5aa8-4bda-93a6-d0def3cd1190,c2584cce-12a8-48cc-b6d2-24d454074ac6,200.0,7.0,200.0,7.0,200.0,5.0,200.0,"cross_correlation,decomposition,structural_break",200.0,0.0,8.0,21.0,,
mcs2025.zip,salient,commodities/lead/mcs2025-lead_salient.csv,decomposition,200,5.0,Year,11.0,9369e528-7212-46c6-8ad8-2fd42dd91678,233444bd-6d68-4074-9719-cc8979c680fe,200.0,11.0,200.0,11.0,200.0,5.0,200.0,"cross_correlation,decomposition,structural_break",200.0,0.0,12.0,33.0,,
mcs2025.zip,salient,commodities/stron/mcs2025-stron_salient.csv,decomposition,200,5.0,Year,9.0,e8f51f2c-64d5-429e-bcfb-810fcd3baa3b,ccb2bda1-752d-4aa6-a55c-3043874b2590,200.0,9.0,200.0,9.0,200.0,5.0,200.0,"cross_correlation,decomposition,structural_break",200.0,0.0,10.0,27.0,,
mcs2025.zip,salient,commodities/rareee/mcs2025-rareee_salient.csv,decomposition,200,5.0,Year,18.0,9f41ae65-938c-40e6-9cdb-0c835e89c86b,4ea8e445-6d68-4a67-b189-5076488ee9f2,200.0,18.0,200.0,18.0,200.0,5.0,200.0,"cross_correlation,decomposition,structural_break",200.0,0.0,19.0,54.0,,
mcs2025.zip,salient,commodities/cadmi/mcs2025-cadmi_salient.csv,decomposition,200,5.0,Year,12.0,ca5893ef-76b1-45d9-904c-e173083505be,a776a6b8-c10e-49cd-8f06-06e85cbe335a,200.0,12.0,200.0,12.0,200.0,5.0,200.0,"cross_correlation,decomposition,structural_break",200.0,0.0,13.0,36.0,,
mcs2025.zip,salient,commodities/thori/mcs2025-thori_salient.csv,decomposition,200,5.0,Year,8.0,d0db8587-0b34-441c-8eea-c9b941001e1b,33bb0143-5137-445c-81eb-7c052ace6a95,200.0,6.0,200.0,6.0,200.0,5.0,200.0,"cross_correlation,decomposition,structural_break",200.0,0.0,9.0,24.0,,
mcs2025.zip,salient,commodities/nitro/mcs2025-nitro_salient.csv,decomposition,200,5.0,Year,8.0,77028d66-12c6-4f89-b89b-85a21cca59d8,8713265b-4de3-4bde-810d-8968f6b3e10c,200.0,8.0,200.0,8.0,200.0,5.0,200.0,"cross_correlation,decomposition,structural_break",200.0,0.0,9.0,24.0,,
mcs2025.zip,salient,commodities/zeoli/mcs2025-zeoli_salient.csv,decomposition,200,5.0,Year,6.0,1fed576b-7bdd-4b49-b75f-f176a8a85e17,c85876e3-89e2-424e-adc8-d54a0b3539c9,200.0,6.0,200.0,6.0,200.0,5.0,200.0,"cross_correlation,decomposition,structural_break",200.0,0.0,7.0,18.0,,
mcs2025.zip,salient,commodities/sodaa/mcs2025-sodaa_salient.csv,decomposition,200,5.0,Year,9.0,155ae975-1326-494b-9246-f6ef5537bf88,db9bc33b-abfe-499c-b8ff-981982764836,200.0,9.0,200.0,9.0,200.0,5.0,200.0,"cross_correlation,decomposition,structural_break",200.0,0.0,10.0,27.0,,
mcs2025.zip,salient,commodities/vanad/mcs2025-vanad_salient.csv,decomposition,200,5.0,Year,21.0,aaedac3f-82e0-4a0a-9d7c-15d3213f1870,40f749e1-3d21-4218-8d98-3cf21df2a7af,200.0,21.0,200.0,21.0,200.0,5.0,200.0,"cross_correlation,decomposition,structural_break",200.0,0.0,22.0,63.0,,
mcs2025.zip,salient,commodities/boron/mcs2025-boron_salient.csv,decomposition,200,5.0,Year,8.0,96861597-1292-4a13-bbcf-9038de560e3a,a738017e-5b82-49c2-84bf-8bb9a83328d3,200.0,8.0,200.0,8.0,200.0,5.0,200.0,"cross_correlation,decomposition,structural_break",200.0,0.0,9.0,24.0,,
mcs2025.zip,salient,commodities/coppe/mcs2025-coppe_salient.csv,decomposition,200,5.0,Year,16.0,22de369e-ec48-4bfe-9881-9cc998c50a11,7f013944-b92a-4178-987a-aac2ad25e01d,200.0,16.0,200.0,16.0,200.0,5.0,200.0,"cross_correlation,decomposition,structural_break",200.0,0.0,17.0,48.0,,
mcs2025.zip,salient,commodities/silve/mcs2025-silve_salient.csv,decomposition,200,5.0,Year,12.0,9104c381-8b44-4011-9440-993946b4dfcc,aeab2d77-8fe8-4915-ac39-b5bb220b1a10,200.0,12.0,200.0,12.0,200.0,5.0,200.0,"cross_correlation,decomposition,structural_break",200.0,0.0,13.0,36.0,,
mcs2025.zip,salient,commodities/diato/mcs2025-diato_salient.csv,decomposition,200,5.0,Year,6.0,52016218-d08c-4c50-b2a9-a333aed0b059,69cd14c9-093d-46b1-bfda-2e4e6135129a,200.0,6.0,200.0,6.0,200.0,5.0,200.0,"cross_correlation,decomposition,structural_break",200.0,0.0,7.0,18.0,,
mcs2025.zip,salient,commodities/graph/mcs2025-graph_salient.csv,decomposition,200,5.0,Year,8.0,4a2aeca6-cf24-47d1-a796-0566f144f267,64c72767-346b-4c8e-b0b0-b1c487f82005,200.0,8.0,200.0,8.0,200.0,5.0,200.0,"cross_correlation,decomposition,structural_break",200.0,0.0,9.0,24.0,,
mcs2025.zip,salient,commodities/niobi/mcs2025-niobi_salient.csv,decomposition,200,5.0,Year,7.0,849bf3c4-6990-45a8-b603-4a612865a7ec,6b1cc85d-ed1b-4934-8295-f27d87e3d9f2,200.0,7.0,200.0,7.0,200.0,5.0,200.0,"cross_correlation,decomposition,structural_break",200.0,0.0,8.0,21.0,,
mcs2025.zip,salient,commodities/pumic/mcs2025-pumic_salient.csv,decomposition,200,5.0,Year,7.0,3185ae50-a0f0-4e0f-992d-f508a79c7442,33f1eee6-21ed-4380-92e4-072a67c9e261,200.0,7.0,200.0,7.0,200.0,5.0,200.0,"cross_correlation,decomposition,structural_break",200.0,0.0,8.0,21.0,,
mcs2025.zip,salient,commodities/simet/mcs2025-simet_salient.csv,decomposition,200,5.0,Year,11.0,63f75aac-7e62-46d5-b0cc-72a336ff0f53,27c3fe69-2b78-47a9-a6ba-38809aed9aa9,200.0,11.0,200.0,11.0,200.0,5.0,200.0,"cross_correlation,decomposition,structural_break",200.0,0.0,12.0,33.0,,
mcs2025.zip,salient,commodities/arsen/mcs2025-arsen_salient.csv,decomposition,200,5.0,Year,7.0,8e1d3d6c-e5cd-421a-bb93-a030ab270319,8dc416cf-348a-4ce0-9a7b-95099c25b99e,200.0,7.0,200.0,7.0,200.0,5.0,200.0,"cross_correlation,decomposition,structural_break",200.0,0.0,8.0,21.0,,
mcs2025.zip,salient,commodities/nicke/mcs2025-nicke_salient.csv,decomposition,200,5.0,Year,17.0,f60c7e02-50fa-4142-86c8-ce9462110409,0d43cd34-5860-465c-9a46-ecc7c61b7fa9,200.0,17.0,200.0,17.0,200.0,5.0,200.0,"cross_correlation,decomposition,structural_break",200.0,0.0,18.0,51.0,,
mcs2025.zip,salient,commodities/chrom/mcs2025-chrom_salient.csv,decomposition,200,5.0,Year,12.0,543daa1d-6442-4c1d-b23e-37d4fab29fdb,6374118f-85cc-44df-981e-fb077d695716,200.0,12.0,200.0,12.0,200.0,5.0,200.0,"cross_correlation,decomposition,structural_break",200.0,0.0,13.0,36.0,,
mcs2025.zip,salient,commodities/bauxi/mcs2025-bauxi_salient.csv,decomposition,200,6.0,Year,13.0,02aa7f67-8f04-4c05-942c-d308a6ce3d51,1ecfa2e2-07a1-4db8-970e-7ab61988681f,200.0,13.0,200.0,13.0,200.0,5.0,200.0,"cross_correlation,decomposition,structural_break",200.0,0.0,14.0,39.0,,
mcs2025.zip,salient,commodities/mercu/mcs2025-mercu_salient.csv,decomposition,200,5.0,Year,6.0,80fdbe7b-efdb-4988-aba6-bafd96a7081c,b687c394-6721-487a-919a-a9bb0e9fcfe7,200.0,5.0,200.0,5.0,200.0,5.0,200.0,"cross_correlation,decomposition,structural_break",200.0,0.0,7.0,18.0,,
mcs2025.zip,salient,commodities/barit/mcs2025-barit_salient.csv,decomposition,200,5.0,Year,7.0,8f9c2d9b-df30-4571-b7b3-d6cc5defdaa4,e6264644-7aa7-435c-9227-0aabf5040ebc,200.0,7.0,200.0,7.0,200.0,5.0,200.0,"cross_correlation,decomposition,structural_break",200.0,0.0,8.0,21.0,,
mcs2025.zip,salient,commodities/sulfu/mcs2025-sulfu_salient.csv,decomposition,200,5.0,Year,13.0,8e2a0d0d-55e6-4577-96d3-36d8962e1112,f204e820-bf5a-4dd4-826e-034f565f0c0e,200.0,13.0,200.0,13.0,200.0,5.0,200.0,"cross_correlation,decomposition,structural_break",200.0,0.0,14.0,39.0,,
mcs2025.zip,salient,commodities/thall/mcs2025-thall_salient.csv,decomposition,200,5.0,Year,10.0,c6892218-6b4c-4d58-ac20-75168a0c341e,7ca3d18e-4c11-4730-923c-a7870c634f96,200.0,9.0,200.0,9.0,200.0,5.0,200.0,"cross_correlation,decomposition,structural_break",200.0,0.0,11.0,30.0,,
mcs2025.zip,salient,commodities/felds/mcs2025-felds_salient.csv,decomposition,200,5.0,Year,12.0,ed35dc4a-75cd-4b76-bf6f-64ffc25f8771,3e184d0d-420f-4962-92e2-7fd9370e3a5b,200.0,12.0,200.0,12.0,200.0,5.0,200.0,"cross_correlation,decomposition,structural_break",200.0,0.0,13.0,36.0,,
mcs2025.zip,salient,commodities/galli/mcs2025-galli_salient.csv,decomposition,200,5.0,Year,9.0,3214d35c-3a7f-4462-b33f-d61178b02560,75edf7dd-fec6-4e80-aaf6-a140cf652e44,200.0,8.0,200.0,8.0,200.0,5.0,200.0,"cross_correlation,decomposition,structural_break",200.0,0.0,10.0,27.0,,
mcs2025.zip,salient,commodities/gemst/mcs2025-gemst_salient.csv,decomposition,200,5.0,Year,7.0,fe21039b-aaa5-444f-a5d6-3d3331dc5794,5c09b078-5ca1-46cf-8e38-c024ca026f29,200.0,7.0,200.0,7.0,200.0,5.0,200.0,"cross_correlation,decomposition,structural_break",200.0,0.0,8.0,21.0,,
mcs2025.zip,salient,commodities/quart/mcs2025-quart_salient.csv,decomposition,200,5.0,Year,9.0,afb5536c-8476-4eef-98b3-6cc1e4c4d333,1ae62beb-7a28-468d-a8e3-b3a256401db9,200.0,5.0,200.0,5.0,200.0,5.0,200.0,"cross_correlation,decomposition,structural_break",200.0,0.0,10.0,27.0,,
mcs2025.zip,salient,commodities/rheni/mcs2025-rheni_salient.csv,decomposition,200,5.0,Year,8.0,471c34d8-104d-4cbc-bd8a-a57cf920eecc,b1d6a3ba-7cf7-40c1-92c8-75f3945a20ac,200.0,8.0,200.0,8.0,200.0,5.0,200.0,"cross_correlation,decomposition,structural_break",200.0,0.0,9.0,24.0,,
mcs2025.zip,salient,commodities/zirco/mcs2025-zirco_salient.csv,decomposition,200,5.0,Year,18.0,f9fb15ea-487a-42c9-8d7b-5ff74094deba,f673f8ba-5c6d-406a-9b54-4bb489826e86,200.0,17.0,200.0,17.0,200.0,5.0,200.0,"cross_correlation,decomposition,structural_break",200.0,0.0,19.0,54.0,,
mcs2025.zip,salient,commodities/feore/mcs2025-feore_salient.csv,decomposition,200,5.0,Year,9.0,2d5f6bc2-26c3-487f-88ac-b0dc8592e921,aa98a3d9-7c01-41de-80e9-abd06bb1831c,200.0,9.0,200.0,9.0,200.0,5.0,200.0,"cross_correlation,decomposition,structural_break",200.0,0.0,10.0,27.0,,
mcs2025.zip,salient,commodities/garne/mcs2025-garne_salient.csv,decomposition,200,5.0,Year,8.0,431b1e02-949d-453b-9e9e-0031566891fd,d4430120-8db6-4796-8e0b-10fcccbec02e,200.0,8.0,200.0,8.0,200.0,5.0,200.0,"cross_correlation,decomposition,structural_break",200.0,0.0,9.0,24.0,,
mcs2025.zip,salient,commodities/potas/mcs2025-potas_salient.csv,decomposition,200,5.0,Year,9.0,d0ea892e-1cd5-43a1-92ba-5cb031afb873,ec9eb107-a49f-408f-85db-a43473173d81,200.0,9.0,200.0,9.0,200.0,5.0,200.0,"cross_correlation,decomposition,structural_break",200.0,0.0,10.0,27.0,,
mcs2025.zip,salient,commodities/scand/mcs2025-scand_salient.csv,decomposition,200,5.0,Year,10.0,e8359551-9463-471d-aa2a-eec60beabac6,a23b2dd2-ccb7-4390-a5e6-4775802d8b0a,200.0,10.0,200.0,10.0,200.0,5.0,200.0,"cross_correlation,decomposition,structural_break",200.0,0.0,11.0,30.0,,
mcs2025.zip,salient,commodities/titan/mcs2025-titan_salient.csv,decomposition,200,5.0,Year,12.0,f127db50-9a62-4aa9-be3b-7f86bc02edab,cf803391-87ef-447a-bb1d-2430d29775b1,200.0,12.0,200.0,12.0,200.0,5.0,200.0,"cross_correlation,decomposition,structural_break",200.0,0.0,13.0,36.0,,
mcs2025.zip,salient,commodities/cobal/mcs2025-cobal_salient.csv,decomposition,200,5.0,Year,11.0,b859fa70-e535-4811-9c01-3d7f40194cd4,2aa22abc-cfdc-4808-aa1a-dc9c414e5b0f,200.0,11.0,200.0,11.0,200.0,5.0,200.0,"cross_correlation,decomposition,structural_break",200.0,0.0,12.0,33.0,,
mcs2025.zip,salient,commodities/heliu/mcs2025-heliu_salient.csv,decomposition,200,5.0,Year,6.0,99a1acb3-29f1-464f-8c55-b1110ffc20d3,5a70d074-5dd6-48b6-8b87-06783fd316a2,200.0,6.0,200.0,6.0,200.0,5.0,200.0,"cross_correlation,decomposition,structural_break",200.0,0.0,7.0,18.0,,
mcs2025.zip,salient,commodities/fesla/mcs2025-fesla_salient.csv,decomposition,200,5.0,Year,6.0,7c11486c-ad2d-4486-9991-586ec0a3035d,1750cc2f-5350-4d60-939e-f9ffda48ecee,200.0,6.0,200.0,6.0,200.0,5.0,200.0,"cross_correlation,decomposition,structural_break",200.0,0.0,7.0,18.0,,
mcs2025.zip,salient,commodities/tanta/mcs2025-tanta_salient.csv,decomposition,200,5.0,Year,7.0,ba76b788-68a1-4641-bfb9-825ebbe0cfa6,75af758b-4712-49de-93ee-fffd2d52eb73,200.0,6.0,200.0,6.0,200.0,5.0,200.0,"cross_correlation,decomposition,structural_break",200.0,0.0,8.0,21.0,,
mcs2025.zip,salient,commodities/cemen/mcs2025-cemen_salient.csv,decomposition,200,5.0,Year,11.0,5a47a4ab-2d2c-4b8e-b27d-af15475f8cf2,38fa2831-d10d-4970-9dff-949ba4636722,200.0,11.0,200.0,11.0,200.0,5.0,200.0,"cross_correlation,decomposition,structural_break",200.0,0.0,12.0,33.0,,
mcs2025.zip,salient,commodities/zinc/mcs2025-zinc_salient.csv,decomposition,200,5.0,Year,14.0,4ba8c5cb-4382-4a3a-bb76-af64fd852d09,6a71fafd-988e-4d79-ba1f-6ee709faa88b,200.0,14.0,200.0,14.0,200.0,5.0,200.0,"cross_correlation,decomposition,structural_break",200.0,0.0,15.0,42.0,,
mcs2025.zip,salient,commodities/lime/mcs2025-lime_salient.csv,decomposition,200,5.0,Year,6.0,ef34c89a-5cfd-4d2b-a0b0-0d4c016eba65,80d2b4e8-0589-4d1c-b0c1-c5dad569ace9,200.0,6.0,200.0,6.0,200.0,5.0,200.0,"cross_correlation,decomposition,structural_break",200.0,0.0,7.0,18.0,,
mcs2025.zip,salient,commodities/indiu/mcs2025-indiu_salient.csv,decomposition,200,5.0,Year,8.0,0ee15c86-5656-4943-8d39-eed7a01d03b1,b8ee2664-3185-47f0-b6c9-96f304f36918,200.0,7.0,200.0,7.0,200.0,5.0,200.0,"cross_correlation,decomposition,structural_break",200.0,0.0,9.0,24.0,,
mcs2025.zip,salient,commodities/tungs/mcs2025-tungs_salient.csv,decomposition,200,5.0,Year,9.0,a7380ea6-c917-4017-be32-62d29778b8ff,95bd4b6a-be81-481d-be58-a27dcd084a42,200.0,9.0,200.0,9.0,200.0,5.0,200.0,"cross_correlation,decomposition,structural_break",200.0,0.0,10.0,27.0,,
mcs2025.zip,salient,commodities/alumi/mcs2025-alumi_salient.csv,decomposition,200,5.0,Year,14.0,d1f09019-b91d-4dc8-95c3-b9eb7ace4acc,a102e19f-8979-4bd0-afd0-47d43c7de439,200.0,14.0,200.0,14.0,200.0,5.0,200.0,"cross_correlation,decomposition,structural_break",200.0,0.0,15.0,42.0,,
mcs2025.zip,salient,commodities/peat/mcs2025-peat_salient.csv,decomposition,200,5.0,Year,9.0,6d70e477-2b19-432a-9377-ef8b634353bd,ddca8cea-dd8f-40b3-8e2e-ecf3d966bf32,200.0,9.0,200.0,9.0,200.0,5.0,200.0,"cross_correlation,decomposition,structural_break",200.0,0.0,10.0,27.0,,
mcs2025.zip,salient,commodities/selen/mcs2025-selen_salient.csv,decomposition,200,5.0,Year,6.0,66166677-bad7-421a-9b1c-6a39bfb6656a,0061d0c9-803c-482f-81e3-62ba0e6a1c66,200.0,6.0,200.0,6.0,200.0,5.0,200.0,"cross_correlation,decomposition,structural_break",200.0,0.0,7.0,18.0,,
mcs2025.zip,salient,commodities/plati/mcs2025-plati_salient.csv,decomposition,200,5.0,Year,24.0,ebe1f999-ff2f-4e45-b505-2b809ccb0e0d,6de585b6-572f-4d95-b19c-4b457e575286,200.0,24.0,200.0,24.0,200.0,5.0,200.0,"cross_correlation,decomposition,structural_break",200.0,0.0,25.0,72.0,,
mcs2025.zip,salient,commodities/bismu/mcs2025-bismu_salient.csv,decomposition,200,5.0,Year,11.0,9049e66e-aa0a-45ad-a777-c649b7c96a16,0257a930-ef9e-423b-8ebb-2dd15fa31d00,200.0,11.0,200.0,11.0,200.0,5.0,200.0,"cross_correlation,decomposition,structural_break",200.0,0.0,12.0,33.0,,
mcs2025.zip,salient,commodities/beryl/mcs2025-beryl_salient.csv,decomposition,200,5.0,Year,8.0,a66bdb23-1bd0-4a7c-a8a6-6953841e61a1,a5548334-b4b2-4414-8fac-407f76b783a6,200.0,8.0,200.0,8.0,200.0,5.0,200.0,"cross_correlation,decomposition,structural_break",200.0,0.0,9.0,24.0,,
mcs2025.zip,salient,commodities/germa/mcs2025-germa_salient.csv,decomposition,200,5.0,Year,13.0,b3505baa-7dcd-43ba-9a34-3d7cf1533c5b,8a1617de-6856-4095-95cf-5fd0758842d3,200.0,10.0,200.0,10.0,200.0,5.0,200.0,"cross_correlation,decomposition,structural_break",200.0,0.0,14.0,39.0,,
mcs2025.zip,salient,commodities/tellu/mcs2025-tellu_salient.csv,decomposition,200,5.0,Year,5.0,43cba7c6-c5e6-4208-97ac-f5b361497c8f,824f0fc0-38f3-488d-b484-6e4b520394b6,200.0,5.0,200.0,5.0,200.0,5.0,200.0,"cross_correlation,decomposition,structural_break",200.0,0.0,6.0,15.0,,
mcs2025.zip,salient,commodities/iodin/mcs2025-iodin_salient.csv,decomposition,200,5.0,Year,6.0,40b80676-c394-4aa9-b404-9d3f8309ffb6,868ae639-bb4e-41ec-958c-3ad5a085f95b,200.0,6.0,200.0,6.0,200.0,5.0,200.0,"cross_correlation,decomposition,structural_break",200.0,0.0,7.0,18.0,,
mcs2025.zip,salient,commodities/mgmet/mcs2025-mgmet_salient.csv,decomposition,200,5.0,Year,8.0,41b8e65a-d1bc-4874-b13e-e3337a0ccf6e,a1abd2cf-2182-4e79-9a3d-e1ca7275f597,200.0,8.0,200.0,8.0,200.0,5.0,200.0,"cross_correlation,decomposition,structural_break",200.0,0.0,9.0,24.0,,
mcs2025.zip,salient,commodities/asbes/mcs2025-asbes_salient.csv,decomposition,200,5.0,Year,5.0,4a4d5ed4-69fd-4fd8-9398-3ad9983257c6,7c7633dc-8446-4491-88db-373e30b576a3,200.0,5.0,200.0,5.0,200.0,5.0,200.0,"cross_correlation,decomposition,structural_break",200.0,0.0,6.0,15.0,,
mcs2025.zip,salient,commodities/mica/mcs2025-mica_salient.csv,decomposition,200,5.0,Year,14.0,fc5f3336-6425-4cb3-9cfd-32b63f2401f9,9b6d3d4e-360c-4ef5-9907-3ee8342b55e7,200.0,14.0,200.0,14.0,200.0,5.0,200.0,"cross_correlation,decomposition,structural_break",200.0,0.0,15.0,42.0,,
mcs2025.zip,salient,commodities/feste/mcs2025-feste_salient.csv,decomposition,200,5.0,Year,18.0,0c77afaf-0061-441f-83f0-df89094e0974,682c43e8-c6d7-4abd-b2da-8484a0d686ae,200.0,18.0,200.0,18.0,200.0,5.0,200.0,"cross_correlation,decomposition,structural_break",200.0,0.0,19.0,54.0,,
mcs2025.zip,salient,commodities/stond/mcs2025-stond_salient.csv,decomposition,200,5.0,Year,14.0,e49637d0-4345-45f0-8bbd-f36895da6480,546b1e95-25d7-4e73-8b80-058cc93fad2d,200.0,14.0,200.0,14.0,200.0,5.0,200.0,"cross_correlation,decomposition,structural_break",200.0,0.0,15.0,42.0,,
mcs2025.zip,salient,commodities/sandi/mcs2025-sandi_salient.csv,decomposition,200,5.0,Year,6.0,1b6db304-e537-40e5-b887-5d051146ceed,87f00f6b-05be-4f5c-a380-8dc23ac32096,200.0,6.0,200.0,6.0,200.0,5.0,200.0,"cross_correlation,decomposition,structural_break",200.0,0.0,7.0,18.0,,
mcs2025.zip,salient,commodities/antim/mcs2025-antim_salient.csv,decomposition,200,5.0,Year,15.0,800c3861-8e0e-4874-b88f-567a1e809b8d,9d0d1f2b-ed28-46b5-a418-ba1f72930562,200.0,15.0,200.0,15.0,200.0,5.0,200.0,"cross_correlation,decomposition,structural_break",200.0,0.0,16.0,45.0,,
mcs2025.zip,salient,commodities/bromi/mcs2025-bromi_salient.csv,decomposition,200,5.0,Year,4.0,0206ee65-b5d2-4eaa-b067-3500c8cf7f7e,7a1b81d5-60fa-4958-b046-86f89c1dca5a,200.0,4.0,200.0,4.0,200.0,4.0,200.0,"cross_correlation,decomposition,structural_break",200.0,0.0,5.0,12.0,,
mcs2025.zip,salient,commodities/clays/mcs2025-clays_salient.csv,decomposition,200,5.0,Year,28.0,21008b28-7962-4d14-b31a-9a0ba7c0f5e6,e7fb7177-8590-4687-8c16-2893f7d602f9,200.0,28.0,200.0,28.0,200.0,5.0,200.0,"cross_correlation,decomposition,structural_break",200.0,0.0,29.0,84.0,,
mcs2025.zip,salient,commodities/fluor/mcs2025-fluor_salient.csv,decomposition,200,5.0,Year,14.0,7fa3bd75-b626-4096-b41a-c5eb44dc5530,c37b8723-ca5e-402e-90f8-0eaa21d49ff9,200.0,13.0,200.0,13.0,200.0,5.0,200.0,"cross_correlation,decomposition,structural_break",200.0,0.0,15.0,42.0,,
mcs2025.zip,salient,commodities/yttri/mcs2025-yttri_salient.csv,decomposition,200,5.0,Year,7.0,7cc12e90-d13f-47ae-b63c-02414bf433cf,751edff5-8f43-4d72-a2b1-4ca14a7ab194,200.0,6.0,200.0,6.0,200.0,5.0,200.0,"cross_correlation,decomposition,structural_break",200.0,0.0,8.0,21.0,,
mcs2025.zip,salient,commodities/lithium/mcs2025-lithium_salient.csv,decomposition,200,5.0,Year,5.0,777af1ab-015d-443e-ae22-4d48fa985708,668fd197-5e24-479c-9491-41c82c8ee47a,200.0,5.0,200.0,5.0,200.0,5.0,200.0,"cross_correlation,decomposition,structural_break",200.0,0.0,6.0,15.0,,
mcs2025.zip,salient,commodities/fescr/mcs2025-fescr_salient.csv,decomposition,200,5.0,Year,9.0,2a57f9c9-cd2b-48e8-b437-326245f4ba20,2c34ff38-f9ef-43ad-898d-59a78c475085,200.0,9.0,200.0,9.0,200.0,5.0,200.0,"cross_correlation,decomposition,structural_break",200.0,0.0,10.0,27.0,,
mcs2025.zip,salient,commodities/molyb/mcs2025-molyb_salient.csv,decomposition,200,5.0,Year,9.0,8365a31a-ceef-408e-b487-a61269479f2b,12e4eacc-b3f9-44a6-9242-23c394c480bb,200.0,9.0,200.0,9.0,200.0,5.0,200.0,"cross_correlation,decomposition,structural_break",200.0,0.0,10.0,27.0,,
mcs2025.zip,salient,commodities/vermi/mcs2025-vermi_salient.csv,decomposition,200,5.0,Year,8.0,ce2c8d3e-85c7-4cf6-a034-6863e5727ad3,d6e70005-f093-4976-b380-83d9a7c8b038,200.0,7.0,200.0,7.0,200.0,5.0,200.0,"cross_correlation,decomposition,structural_break",200.0,0.0,9.0,24.0,,
mcs2025.zip,salient,commodities/tin/mcs2025-tin_salient.csv,decomposition,200,5.0,Year,14.0,38310d5c-6632-4308-81c6-bc16b6036db8,be4b4954-aec2-461c-a86a-27c59734c581,200.0,14.0,200.0,14.0,200.0,5.0,200.0,"cross_correlation,decomposition,structural_break",200.0,0.0,15.0,42.0,,
mcs2025.zip,salient,commodities/stonc/mcs2025-stonc_salient.csv,decomposition,200,5.0,Year,7.0,ec94e712-d0df-4621-8a33-11c6d9608576,24942f62-0ae7-4e68-bb86-26fc02357f37,200.0,7.0,200.0,7.0,200.0,5.0,200.0,"cross_correlation,decomposition,structural_break",200.0,0.0,8.0,21.0,,
mcs2025.zip,salient,commodities/phosp/mcs2025-phosp_salient.csv,decomposition,200,5.0,Year,8.0,59654810-77c8-44b1-bdd8-f944abc86f3f,8e8850b6-ee80-44c7-9e38-404da765292a,200.0,8.0,200.0,8.0,200.0,5.0,200.0,"cross_correlation,decomposition,structural_break",200.0,0.0,9.0,24.0,,
mcs2025.zip,salient,commodities/kyani/mcs2025-kyani_salient.csv,decomposition,200,5.0,Year,7.0,761122a3-a8d3-494f-8bf4-6892a1aa81af,cd9f4f11-9e54-4759-92e1-74063b99b6f4,200.0,7.0,200.0,7.0,200.0,5.0,200.0,"cross_correlation,decomposition,structural_break",200.0,0.0,8.0,21.0,,
mcs2025.zip,salient,commodities/gold/mcs2025-gold_salient.csv,decomposition,200,5.0,Year,9.0,6432f780-3952-4e07-bf38-5e1ce6d7c437,16613f3e-4709-4e46-b581-3e8831948480,200.0,9.0,200.0,9.0,200.0,5.0,200.0,"cross_correlation,decomposition,structural_break",200.0,0.0,10.0,27.0,,
mcs2025.zip,salient,commodities/diamo/mcs2025-diamo_salient.csv,decomposition,200,5.0,Year,14.0,ab962014-7bcb-4645-b451-35655489773a,64294d2e-e654-487e-a830-3c3aa87f1033,200.0,14.0,200.0,14.0,200.0,5.0,200.0,"cross_correlation,decomposition,structural_break",200.0,0.0,15.0,42.0,,
mcs2025.zip,salient,commodities/gypsu/mcs2025-gypsu_salient.csv,decomposition,200,5.0,Year,11.0,714afcff-0b16-4e3d-bf28-0e6fabee3e70,3417e42c-33df-4c9d-bad1-0bee189f20e8,200.0,11.0,200.0,11.0,200.0,5.0,200.0,"cross_correlation,decomposition,structural_break",200.0,0.0,12.0,33.0,,
mcs2025.zip,salient,commodities/fepig/mcs2025-fepig_salient.csv,decomposition,200,5.0,Year,7.0,57bafca6-2caa-4e42-ba07-c1cbb0fcdc8d,cb17277e-88bf-4597-bd1b-79230dc0d7a8,200.0,7.0,200.0,7.0,200.0,5.0,200.0,"cross_correlation,decomposition,structural_break",200.0,0.0,8.0,21.0,,
mcs2025.zip,salient,commodities/manga/mcs2025-manga_salient.csv,decomposition,200,5.0,Year,18.0,a78b5dac-7526-46d5-a680-ca7a8a6ffc62,a415c6f0-11d9-4e62-a598-3cb83c08ffc8,200.0,18.0,200.0,18.0,200.0,5.0,200.0,"cross_correlation,decomposition,structural_break",200.0,0.0,19.0,54.0,,
mcs2025.zip,salient,commodities/mgcomp/mcs2025-mgcomp_salient.csv,decomposition,200,5.0,Year,7.0,114c30cc-bd7e-49d3-80b0-a1c0d5fae18d,005e1a09-473f-4437-8430-b2e96dfb3974,200.0,7.0,200.0,7.0,200.0,5.0,200.0,"cross_correlation,decomposition,structural_break",200.0,0.0,8.0,21.0,,
mcs2025.zip,salient,commodities/talc/mcs2025-talc_salient.csv,decomposition,200,5.0,Year,9.0,40fe831a-3e80-455b-9757-e3f69d30b93f,0e415778-e6af-45e7-ace1-f0794665e7f0,200.0,9.0,200.0,9.0,200.0,5.0,200.0,"cross_correlation,decomposition,structural_break",200.0,0.0,10.0,27.0,,
mcs2025.zip,salient,commodities/perli/mcs2025-perli_salient.csv,decomposition,200,5.0,Year,8.0,c1363519-729f-49fb-8797-131f07e014c7,25dbc6a7-5c4d-4c77-a0e6-48c50d2ffb02,200.0,8.0,200.0,8.0,200.0,5.0,200.0,"cross_correlation,decomposition,structural_break",200.0,0.0,9.0,24.0,,
mcs2025.zip,salient,commodities/salt/mcs2025-salt_salient.csv,decomposition,200,5.0,Year,12.0,2c57bbf8-d354-4fea-8e33-515216928d28,9bbc74a3-9783-40c2-812f-b65b9ff90e68,200.0,12.0,200.0,12.0,200.0,5.0,200.0,"cross_correlation,decomposition,structural_break",200.0,0.0,13.0,36.0,,
mcs2025.zip,world,world/MCS2025_World_Data.csv,decomposition,200,1250.0,,5.0,1a965175-1740-49a3-921a-bdc0ab7a057b,232f685e-f805-46e6-b7fe-542c2753d085,200.0,5.0,200.0,5.0,200.0,5.0,200.0,descriptive_summary,200.0,0.0,1.0,0.0,,
mcs2025.zip,salient,trends/tables/MCS2025_T5_Critical_Minerals_Salient.csv,decomposition,200,31.0,Year,7.0,066b4156-a8ec-4dcb-99bd-595519efd753,f26a3b76-b6be-459d-95b9-d1a709cc99e2,200.0,7.0,200.0,7.0,200.0,5.0,200.0,"cross_correlation,decomposition,structural_break",200.0,0.0,8.0,21.0,,
mcs2025.zip,trends_figures,trends/tables/MCS2025_T2_Mineral_Economic_Trends.csv,decomposition,200,5.0,Year,21.0,c8f311a1-678b-4c2b-82fb-93bcdacf1bdf,e0c15d07-2341-497b-8dd6-27f8c9f4ed8b,200.0,21.0,200.0,21.0,200.0,5.0,200.0,"cross_correlation,decomposition,structural_break",200.0,0.0,22.0,63.0,,
mcs2025.zip,trends_figures,trends/tables/MCS2025_T4_Critical_Minerals_End_Use.csv,decomposition,200,50.0,,0.0,58f48d5c-24fb-4e84-8b83-1c0dbc846ea7,21704da2-0d2a-4279-a17e-2e11259cd55a,200.0,0.0,200.0,0.0,204.0,0.0,200.0,descriptive_summary,200.0,0.0,1.0,0.0,,
mcs2025.zip,trends_figures,trends/tables/MCS2025_T1_Mineral_Industry_Trends.csv,decomposition,200,5.0,Year,12.0,a4d04b26-4f53-475b-bad8-067e571a5533,40166eda-6c68-458a-a0fd-a34bdeaa06d2,200.0,12.0,200.0,12.0,200.0,5.0,200.0,"cross_correlation,decomposition,structural_break",200.0,0.0,13.0,36.0,,
mcs2025.zip,trends_figures,trends/tables/MCS2025_T3_State_Value_Rank.csv,decomposition,200,51.0,Year,3.0,84958b2a-0ed7-4601-871d-838ba8b72ac0,971faf75-19ae-4464-aec8-ae6e02c2da5c,200.0,3.0,200.0,3.0,200.0,3.0,200.0,"cross_correlation,decomposition,structural_break",200.0,0.0,4.0,9.0,,
mcs2025.zip,trends_figures,trends/figures/MCS2025_Fig12_Pch_Consump_2020_2024.csv,decomposition,200,75.0,,2.0,495fb87b-0c5a-4e21-8ee1-27cb2d991f9a,86759447-cc57-4cc7-b030-1d08b6442078,200.0,2.0,200.0,2.0,200.0,2.0,200.0,descriptive_summary,200.0,0.0,1.0,0.0,,
mcs2025.zip,trends_figures,trends/figures/MCS2025_Fig10_Price_Growth_Rates.csv,decomposition,200,40.0,,2.0,dc8cea47-23e4-42e2-bab3-eb42e001e60a,cff14cf3-bcfb-4da5-b960-d153288e1b43,200.0,2.0,200.0,2.0,200.0,2.0,200.0,descriptive_summary,200.0,0.0,1.0,0.0,,
mcs2025.zip,trends_figures,trends/figures/MCS2025_Fig2_Net_Import_Reliance.csv,decomposition,200,64.0,,2.0,0f72e711-6631-4829-98e4-5fec7fbae25f,606f667b-c71b-44f1-86c5-53afa3f579cf,200.0,2.0,200.0,2.0,200.0,2.0,200.0,descriptive_summary,200.0,0.0,1.0,0.0,,
mcs2025.zip,trends_figures,trends/figures/MCS2025_Fig1_Minerals_in_Economy.csv,decomposition,200,14.0,Year,1.0,43f4d970-7096-4be5-8b97-3ea342c17555,c676af07-8f7a-4f58-b7fd-40891b1173ba,200.0,1.0,200.0,1.0,200.0,1.0,200.0,"decomposition,structural_break",200.0,0.0,2.0,3.0,,
mcs2025.zip,trends_figures,trends/figures/MCS2025_Fig13_Scrap.csv,decomposition,200,15.0,,4.0,1e5e19d8-ab32-41a9-b3c2-bc66b11f700b,f9f190dc-ec13-408f-9e8c-7c01da04b29a,200.0,4.0,200.0,4.0,200.0,4.0,200.0,descriptive_summary,200.0,0.0,1.0,0.0,,
mcs2025.zip,trends_figures,trends/figures/MCS2025_Fig4_Value_by_Type.csv,decomposition,200,4.0,year,1.0,865037bd-c846-46d2-9ad4-88764ed58876,4a18add9-7b05-4423-a840-54dfde08c779,200.0,1.0,200.0,1.0,200.0,1.0,200.0,"decomposition,structural_break",200.0,0.0,2.0,3.0,,
mcs2025.zip,trends_figures,trends/figures/MCS2025_Fig11_Pch_Consump_2023_2024.csv,decomposition,200,78.0,,2.0,f65f0015-d389-4fef-b55a-9227a6a33c74,c4e877ea-0947-4cc3-9464-c48f5c68f92d,200.0,2.0,200.0,2.0,200.0,2.0,200.0,descriptive_summary,200.0,0.0,1.0,0.0,,
mcs2025.zip,trends_figures,trends/figures/MCS2025_Fig3_Major_Import_Sources.csv,decomposition,200,43.0,,1.0,1cecdbba-9f1b-44dd-b3b5-dcbb63b00000,3a44d162-196e-4db9-aa0d-6c1325a022e6,200.0,1.0,200.0,1.0,200.0,1.0,200.0,descriptive_summary,200.0,0.0,1.0,0.0,,
mcs2026.zip,other,commodities/unknown/MCS2026_Commodities_Data.csv,decomposition,400,,,,,,,,,,,,,,,,,,,"{""detail"":""unable to parse CSV: 'utf-8' codec can't decode byte 0x97 in position 170: invalid start byte""}"
mcs2026.zip,trends_figures,trends/figures/MCS2026_Fig10_Price_Growth_Rates.csv,decomposition,200,55.0,,2.0,b1e3001b-33e2-47a7-95c2-b486f5223931,0aa682a4-3865-49c1-bc56-384830067ce1,200.0,2.0,200.0,2.0,200.0,2.0,200.0,descriptive_summary,200.0,0.0,1.0,0.0,,
mcs2026.zip,trends_figures,trends/figures/MCS2026_Fig3_Major_Import_Sources.csv,decomposition,200,191.0,,2.0,f9454c42-a706-4dff-a950-1b8a26a2659e,25eab666-7b9b-4f55-83ec-724cfdf5c11c,200.0,2.0,200.0,2.0,200.0,2.0,200.0,descriptive_summary,200.0,0.0,1.0,0.0,,
mcs2026.zip,trends_figures,trends/figures/MCS2026_Fig4_Value_by_Type.csv,decomposition,200,4.0,year,1.0,66a3ee65-5e2e-4376-86ef-5a6644038e93,d54ded7d-64e4-41a0-97cc-43832e5ad57f,200.0,1.0,200.0,1.0,200.0,1.0,200.0,"decomposition,structural_break",200.0,0.0,2.0,3.0,,
mcs2026.zip,trends_figures,trends/figures/MCS2026_Fig1_Minerals_in_Economy.csv,decomposition,200,14.0,Year,1.0,1f171be4-3422-4243-ae9f-377eaa9c2d69,f09916b7-aabf-46a6-bf33-4fd4209d0ab5,200.0,1.0,200.0,1.0,200.0,1.0,200.0,"decomposition,structural_break",200.0,0.0,2.0,3.0,,
mcs2026.zip,trends_figures,trends/figures/MCS2026_Fig12_Pch_Consump_2021_2025.csv,decomposition,200,81.0,,1.0,e5f19c3a-1951-4e74-9182-63014f8f9a06,a47fba5c-1e88-426c-a638-48a2dfe54d40,200.0,1.0,200.0,1.0,200.0,1.0,200.0,descriptive_summary,200.0,0.0,1.0,0.0,,
mcs2026.zip,trends_figures,trends/figures/MCS2026_Fig13_Scrap.csv,decomposition,200,15.0,,4.0,58c3cfae-8bad-445e-9d6b-3e5b52c9f343,2745fb02-71bc-473d-a7bf-357f3e577c66,200.0,4.0,200.0,4.0,200.0,4.0,200.0,descriptive_summary,200.0,0.0,1.0,0.0,,
mcs2026.zip,trends_figures,trends/figures/MCS2026_Fig11_Pch_Consump_2024_2025.csv,decomposition,200,81.0,,1.0,205c375a-929d-4466-8e36-e9ac2f612fc8,c755b2fa-2c65-4594-bf2d-11a55cc8c9a5,200.0,1.0,200.0,1.0,200.0,1.0,200.0,descriptive_summary,200.0,0.0,1.0,0.0,,
mcs2026.zip,trends_figures,trends/figures/MCS2026_Fig2_Net_Import_Reliance.csv,decomposition,200,68.0,,2.0,7676c138-f142-480a-b8ad-e27fbc07e3cd,0f4af5fd-b0f8-4ddf-af2c-3b7082c88ef7,200.0,2.0,200.0,2.0,200.0,2.0,200.0,descriptive_summary,200.0,0.0,1.0,0.0,,
mcs2026.zip,trends_figures,trends/tables/MCS2026_T1_Mineral_Industry_Trends.csv,decomposition,200,5.0,Year,12.0,f70a15f6-24e4-405d-9443-97be4d567546,d5492d6c-4001-4641-ad94-5bd1ea5348b8,200.0,12.0,200.0,12.0,200.0,5.0,200.0,"cross_correlation,decomposition,structural_break",200.0,0.0,13.0,36.0,,
mcs2026.zip,salient,trends/tables/MCS2026_T7_Critical_Minerals_Salient.csv,decomposition,200,39.0,Year,7.0,12be20bd-a783-4743-9ca5-6a378d07e579,0ef03669-be25-4ccf-a805-7edaad539046,200.0,7.0,200.0,7.0,200.0,5.0,200.0,"cross_correlation,decomposition,structural_break",200.0,0.0,8.0,21.0,,
mcs2026.zip,trends_figures,trends/tables/MCS2026_T2_Mineral_Economic_Trends.csv,decomposition,200,5.0,Year,21.0,707202ba-437f-4462-a5e0-492020412ef2,b4c13621-dfd4-47b4-94c7-c1d3c6425ba8,200.0,21.0,200.0,21.0,200.0,5.0,200.0,"cross_correlation,decomposition,structural_break",200.0,0.0,22.0,63.0,,
mcs2026.zip,trends_figures,trends/tables/MCS2026_T3_State_Value_Rank.csv,decomposition,200,52.0,Year,3.0,0c657a06-fd6b-4e28-8ad5-b89c985b3929,9ae8d5b9-b7cb-4fda-851a-7053c01ba303,200.0,3.0,200.0,3.0,200.0,3.0,200.0,"cross_correlation,decomposition,structural_break",200.0,0.0,4.0,9.0,,
mcs2026.zip,trends_figures,trends/tables/MCS2026_T4_Country_Export_Control.csv,decomposition,200,19.0,,0.0,a13de87d-2403-495d-a6c0-6d9ce83d68c8,82d6bba0-3ce8-4b41-8f9a-b29bdc27f491,200.0,0.0,200.0,0.0,204.0,0.0,200.0,descriptive_summary,200.0,0.0,1.0,0.0,,
mcs2026.zip,trends_figures,trends/tables/MCS2026_T5_Trade_Agreements.csv,decomposition,200,9.0,Signing_date,0.0,90c0c3db-0362-4e34-9438-1dcfbbac10ae,b7ca2295-ef2a-47bf-b32f-130f2ed56146,200.0,0.0,200.0,0.0,204.0,0.0,200.0,descriptive_summary,200.0,0.0,1.0,0.0,,
mcs2026.zip,trends_figures,trends/tables/MCS2026_T6_Critical_Minerals_End_Use.csv,decomposition,200,60.0,,0.0,3877f68f-15ac-4c8a-9fa4-5f18d36ec9ef,a861b16e-152b-426d-9e56-3965fcb446ef,200.0,0.0,200.0,0.0,204.0,0.0,200.0,descriptive_summary,200.0,0.0,1.0,0.0,,
